entry_bar,exit_bar,entry_price,exit_price,direction,pnl,costs,net_pnl
114,166,1.17663,1.176335,SHORT,5.900000000003125,2.0,3.900000000003125
167,244,1.176335,1.175475,SHORT,17.199999999997218,2.0,15.199999999997218
245,435,1.175475,1.17421,SHORT,25.300000000001432,2.0,23.300000000001432
436,481,1.17421,1.17332,LONG,-17.80000000000115,2.0,-19.80000000000115
482,542,1.17332,1.17421,SHORT,-17.80000000000115,2.0,-19.80000000000115
543,630,1.17421,1.175515,LONG,26.100000000002233,2.0,24.100000000002233
631,788,1.175515,1.17253,SHORT,59.70000000000031,2.0,57.70000000000031
789,834,1.17253,1.17239,SHORT,2.80000000000058,2.0,0.8000000000005798
835,846,1.17239,1.17113,LONG,-25.200000000000777,2.0,-27.200000000000777
847,929,1.17113,1.16843,SHORT,53.999999999998494,2.0,51.999999999998494
930,965,1.16843,1.16794,LONG,-9.80000000000203,2.0,-11.80000000000203
966,1004,1.16794,1.16814,SHORT,-3.9999999999995595,2.0,-5.9999999999995595
1005,1120,1.16814,1.17224,SHORT,-81.99999999999986,2.0,-83.99999999999986
1121,1166,1.17224,1.172345,SHORT,-2.100000000000435,2.0,-4.100000000000435
1167,1243,1.172345,1.17293,LONG,11.700000000001154,2.0,9.700000000001154
1244,1324,1.17293,1.169055,SHORT,77.50000000000145,2.0,75.50000000000145
1325,1375,1.169055,1.16853,SHORT,10.499999999997733,2.0,8.499999999997733
1376,1418,1.16853,1.168985,SHORT,-9.099999999997443,2.0,-11.099999999997443
1419,1425,1.168985,1.168685,LONG,-5.999999999999339,2.0,-7.999999999999339
1426,1487,1.168685,1.16921,SHORT,-10.500000000002174,2.0,-12.500000000002174
1488,1553,1.16921,1.169145,SHORT,1.2999999999996348,2.0,-0.7000000000003652
1554,1578,1.169145,1.168525,LONG,-12.400000000001299,2.0,-14.400000000001299
1579,1596,1.168525,1.16893,SHORT,-8.099999999999774,2.0,-10.099999999999774
1597,1624,1.16893,1.168655,LONG,-5.5000000000005045,2.0,-7.5000000000005045
1625,1725,1.168655,1.167715,SHORT,18.799999999998818,2.0,16.799999999998818
1726,1730,1.167715,1.16734,LONG,-7.500000000000284,2.0,-9.500000000000284
1731,1749,1.16734,1.16814,SHORT,-15.999999999998238,2.0,-17.999999999998238
1750,1806,1.16814,1.167595,LONG,-10.900000000000354,2.0,-12.900000000000354
1807,1808,1.167595,1.167655,SHORT,-1.2000000000034206,2.0,-3.2000000000034206
1809,1863,1.167655,1.167415,SHORT,4.8000000000003595,2.0,2.8000000000003595
1864,1959,1.167415,1.165315,SHORT,41.999999999999815,2.0,39.999999999999815
1960,2005,1.165315,1.16543,LONG,2.299999999997304,2.0,0.2999999999973042
2006,2040,1.16543,1.165565,SHORT,-2.6999999999999247,2.0,-4.699999999999925
2041,2066,1.165565,1.16512,LONG,-8.900000000000574,2.0,-10.900000000000574
2067,2140,1.16512,1.164525,SHORT,11.899999999998023,2.0,9.899999999998023
2141,2145,1.164525,1.164075,LONG,-9.00000000000123,2.0,-11.00000000000123
2146,2159,1.164075,1.16568,SHORT,-32.10000000000157,2.0,-34.10000000000157
2160,2173,1.16568,1.16353,LONG,-43.000000000001926,2.0,-45.000000000001926
2174,2221,1.16353,1.163645,SHORT,-2.300000000001745,2.0,-4.300000000001745
2222,2256,1.163645,1.163045,LONG,-11.999999999998678,2.0,-13.999999999998678
2257,2331,1.163045,1.165735,SHORT,-53.79999999999718,2.0,-55.79999999999718
2332,2441,1.165735,1.168935,SHORT,-64.00000000000183,2.0,-66.00000000000183
2442,2460,1.168935,1.167845,LONG,-21.800000000000708,2.0,-23.800000000000708
2461,2525,1.167845,1.16712,SHORT,14.500000000001734,2.0,12.500000000001734
2526,2533,1.16712,1.16665,LONG,-9.399999999999409,2.0,-11.399999999999409
2534,2619,1.16665,1.16652,SHORT,2.5999999999992696,2.0,0.5999999999992696
2620,2646,1.16652,1.16562,LONG,-17.999999999998018,2.0,-19.999999999998018
2647,2711,1.16562,1.166595,SHORT,-19.499999999998963,2.0,-21.499999999998963
2712,2750,1.166595,1.164805,SHORT,35.799999999999166,2.0,33.799999999999166
2751,2792,1.164805,1.165335,SHORT,-10.599999999998388,2.0,-12.599999999998388
2793,2818,1.165335,1.164395,LONG,-18.799999999998818,2.0,-20.799999999998818
2819,2891,1.164395,1.16446,SHORT,-1.2999999999996348,2.0,-3.299999999999635
2892,2922,1.16446,1.16426,LONG,-3.9999999999995595,2.0,-5.9999999999995595
2923,2935,1.16426,1.16498,SHORT,-14.399999999996638,2.0,-16.399999999996638
2936,2964,1.16498,1.16512,LONG,2.80000000000058,2.0,0.8000000000005798
2965,2968,1.16512,1.16538,LONG,5.20000000000298,2.0,3.20000000000298
2969,2999,1.16538,1.164565,LONG,-16.300000000000203,2.0,-18.300000000000203
3000,3019,1.164565,1.16528,SHORT,-14.300000000000423,2.0,-16.300000000000423
3020,3063,1.16528,1.16481,LONG,-9.40000000000385,2.0,-11.40000000000385
3064,3143,1.16481,1.163885,SHORT,18.499999999996852,2.0,16.499999999996852
3144,3251,1.163885,1.16366,SHORT,4.500000000002835,2.0,2.500000000002835
3252,3282,1.16366,1.163345,LONG,-6.299999999996864,2.0,-8.299999999996864
3283,3386,1.163345,1.160435,SHORT,58.19999999999936,2.0,56.19999999999936
3387,3422,1.160435,1.16086,SHORT,-8.499999999997954,2.0,-10.499999999997954
3423,3431,1.16086,1.16038,LONG,-9.600000000000719,2.0,-11.600000000000719
3432,3493,1.16038,1.16077,SHORT,-7.80000000000225,2.0,-9.80000000000225
3494,3669,1.16077,1.16007,SHORT,14.000000000002899,2.0,12.000000000002899
3670,3743,1.16007,1.161695,LONG,32.49999999999975,2.0,30.49999999999975
3744,3761,1.161695,1.163015,SHORT,-26.399999999999757,2.0,-28.399999999999757
3762,3799,1.163015,1.162685,LONG,-6.599999999998829,2.0,-8.599999999998829
3800,3948,1.162685,1.164205,SHORT,-30.399999999999316,2.0,-32.39999999999932
3949,3971,1.164205,1.16469,SHORT,-9.700000000001374,2.0,-11.700000000001374
3972,3987,1.16469,1.164005,LONG,-13.700000000000934,2.0,-15.700000000000934
3988,4019,1.164005,1.16443,SHORT,-8.500000000002395,2.0,-10.500000000002395
4020,4163,1.16443,1.172625,LONG,163.89999999999904,2.0,161.89999999999904
4164,4190,1.172625,1.1733,SHORT,-13.499999999999623,2.0,-15.499999999999623
4191,4219,1.1733,1.17232,LONG,-19.599999999999618,2.0,-21.599999999999618
4220,4258,1.17232,1.17251,SHORT,-3.7999999999982492,2.0,-5.799999999998249
4259,4296,1.17251,1.173145,LONG,12.700000000003264,2.0,10.700000000003264
4297,4355,1.173145,1.172265,LONG,-17.60000000000428,2.0,-19.60000000000428
4356,4374,1.172265,1.171355,LONG,-18.199999999999328,2.0,-20.199999999999328
4375,4418,1.171355,1.171415,SHORT,-1.2000000000034206,2.0,-3.2000000000034206
4419,4460,1.171415,1.170865,LONG,-11.000000000001009,2.0,-13.000000000001009
4461,4854,1.170865,1.174955,SHORT,-81.79999999999853,2.0,-83.79999999999853
4855,4910,1.174955,1.175085,SHORT,-2.5999999999992696,2.0,-4.59999999999927
4911,4931,1.175085,1.174235,LONG,-17.000000000000348,2.0,-19.000000000000348
4932,4995,1.174235,1.173995,SHORT,4.8000000000003595,2.0,2.8000000000003595
4996,5163,1.173995,1.186945,LONG,259.00000000000034,2.0,257.00000000000034
5164,5184,1.186945,1.186105,LONG,-16.799999999999038,2.0,-18.799999999999038
5185,5249,1.186105,1.18637,SHORT,-5.299999999999194,2.0,-7.299999999999194
5250,5278,1.18637,1.18502,LONG,-26.999999999999247,2.0,-28.999999999999247
5279,5394,1.18502,1.187875,SHORT,-57.10000000000104,2.0,-59.10000000000104
5395,5470,1.187875,1.187155,SHORT,14.400000000001079,2.0,12.400000000001079
5471,5539,1.187155,1.18825,SHORT,-21.900000000001363,2.0,-23.900000000001363
5540,5705,1.18825,1.201205,LONG,259.100000000001,2.0,257.100000000001
5706,5784,1.201205,1.19984,SHORT,27.300000000001212,2.0,25.300000000001212
5785,5806,1.19984,1.19749,LONG,-47.000000000001485,2.0,-49.000000000001485
5807,6011,1.19749,1.196015,SHORT,29.49999999999786,2.0,27.49999999999786
6012,6028,1.196015,1.1978,SHORT,-35.69999999999851,2.0,-37.69999999999851
6029,6074,1.1978,1.19822,LONG,8.40000000000174,2.0,6.400000000001739
6075,6145,1.19822,1.19658,SHORT,32.80000000000172,2.0,30.800000000001717
6146,6171,1.19658,1.191915,LONG,-93.29999999999839,2.0,-95.29999999999839
6172,6199,1.191915,1.195855,SHORT,-78.79999999999666,2.0,-80.79999999999666
6200,6327,1.195855,1.192155,LONG,-73.99999999999629,2.0,-75.99999999999629
6328,6354,1.192155,1.1918,LONG,-7.100000000002105,2.0,-9.100000000002105
6355,6360,1.1918,1.19285,SHORT,-20.999999999999908,2.0,-22.999999999999908
6361,6367,1.19285,1.19381,LONG,19.200000000001438,2.0,17.200000000001438
6368,6436,1.19381,1.190715,LONG,-61.9000000000014,2.0,-63.9000000000014
6437,6561,1.190715,1.186865,SHORT,76.99999999999818,2.0,74.99999999999818
6562,6611,1.186865,1.18602,LONG,-16.899999999999693,2.0,-18.899999999999693
6612,6654,1.18602,1.18663,SHORT,-12.199999999999989,2.0,-14.199999999999989
6655,6708,1.18663,1.184715,LONG,-38.30000000000222,2.0,-40.30000000000222
6709,6812,1.184715,1.179295,SHORT,108.39999999999961,2.0,106.39999999999961
6813,6893,1.179295,1.18139,LONG,41.89999999999916,2.0,39.89999999999916
6894,7000,1.18139,1.17988,LONG,-30.199999999998006,2.0,-32.199999999998006
7001,7028,1.17988,1.180685,LONG,16.099999999998893,2.0,14.099999999998893
7029,7072,1.180685,1.180785,LONG,1.9999999999997797,2.0,-2.2026824808563106e-13
7073,7093,1.180785,1.182495,SHORT,-34.20000000000201,2.0,-36.20000000000201
7094,7122,1.182495,1.18157,LONG,-18.500000000001293,2.0,-20.500000000001293
7123,7282,1.18157,1.18198,SHORT,-8.20000000000043,2.0,-10.20000000000043
7283,7306,1.18198,1.18175,LONG,-4.599999999999049,2.0,-6.599999999999049
7307,7363,1.18175,1.180545,LONG,-24.100000000002453,2.0,-26.100000000002453
7364,7412,1.180545,1.18012,LONG,-8.499999999997954,2.0,-10.499999999997954
7413,7561,1.18012,1.179675,SHORT,8.900000000000574,2.0,6.900000000000574
7562,7602,1.179675,1.178765,LONG,-18.199999999999328,2.0,-20.199999999999328
7603,7627,1.178765,1.18024,SHORT,-29.49999999999786,2.0,-31.49999999999786
7628,7649,1.18024,1.179425,LONG,-16.300000000000203,2.0,-18.300000000000203
7650,7715,1.179425,1.178325,SHORT,21.999999999997577,2.0,19.999999999997577
7716,7791,1.178325,1.178965,LONG,12.799999999999478,2.0,10.799999999999478
7792,7817,1.178965,1.1799,SHORT,-18.699999999998163,2.0,-20.699999999998163
7818,7836,1.1799,1.17912,LONG,-15.600000000000058,2.0,-17.60000000000006
7837,7960,1.17912,1.18141,SHORT,-45.800000000002505,2.0,-47.800000000002505
7961,8042,1.18141,1.183105,SHORT,-33.90000000000004,2.0,-35.90000000000004
8043,8185,1.183105,1.19,LONG,137.89999999999748,2.0,135.89999999999748
8186,8204,1.19,1.19128,SHORT,-25.599999999998957,2.0,-27.599999999998957
8205,8242,1.19128,1.191385,LONG,2.100000000000435,2.0,0.10000000000043485
8243,8298,1.191385,1.191105,SHORT,5.599999999996719,2.0,3.5999999999967187
8299,8369,1.191105,1.191365,LONG,5.199999999998539,2.0,3.199999999998539
8370,8371,1.191365,1.191025,LONG,-6.800000000000139,2.0,-8.80000000000014
