date,open,high,low,close,volume
2023-02-13,1.06825,1.072995,1.065565,1.07232,-1.0
2023-02-14,1.07215,1.08047,1.07067,1.07368,-1.0
2023-02-15,1.073475,1.07446,1.066055,1.068735,-1.0
2023-02-16,1.069075,1.072255,1.06547,1.067385,-1.0
2023-02-17,1.0675,1.06985,1.061285,1.06949,-1.0
2023-02-20,1.06906,1.07046,1.06702,1.068515,-1.0
2023-02-21,1.068425,1.06983,1.063745,1.06484,-1.0
2023-02-22,1.065075,1.066405,1.05992,1.060395,-1.0
2023-02-23,1.060555,1.06278,1.05772,1.05949,-1.0
2023-02-24,1.05978,1.061445,1.05362,1.05485,-1.0
2023-02-27,1.0548,1.062,1.0533,1.06092,-1.0
2023-02-28,1.0605,1.06454,1.057425,1.05752,-1.0
2023-03-01,1.057825,1.06916,1.056535,1.0668,-1.0
2023-03-02,1.066875,1.06729,1.057655,1.05967,-1.0
2023-03-03,1.05978,1.063875,1.058835,1.06351,-1.0
2023-03-06,1.06255,1.06945,1.062225,1.06799,-1.0
2023-03-07,1.067975,1.069455,1.054605,1.05495,-1.0
2023-03-08,1.054825,1.05739,1.052445,1.05454,-1.0
2023-03-09,1.054825,1.05913,1.05381,1.058065,-1.0
2023-03-10,1.058275,1.07009,1.057395,1.06418,-1.0
2023-03-13,1.067875,1.07486,1.06503,1.07312,-1.0
2023-03-14,1.07285,1.07497,1.067885,1.073285,-1.0
2023-03-15,1.073575,1.075985,1.051615,1.05766,-1.0
2023-03-16,1.05784,1.06357,1.05512,1.061,-1.0
2023-03-17,1.061005,1.068535,1.060925,1.065885,-1.0
2023-03-20,1.068685,1.073085,1.063135,1.07211,-1.0
2023-03-21,1.07198,1.07887,1.070405,1.076685,-1.0
2023-03-22,1.07692,1.091255,1.0759,1.085585,-1.0
2023-03-23,1.085945,1.09298,1.08241,1.08308,-1.0
2023-03-24,1.0832,1.0839,1.07132,1.07584,-1.0
2023-03-27,1.077225,1.080015,1.074505,1.079755,-1.0
2023-03-28,1.07965,1.08486,1.079585,1.08449,-1.0
2023-03-29,1.08435,1.087155,1.081775,1.084425,-1.0
2023-03-30,1.084225,1.09264,1.082365,1.090545,-1.0
2023-03-31,1.090575,1.092575,1.0837,1.084075,-1.0
2023-04-03,1.0844,1.09167,1.07883,1.089895,-1.0
2023-04-04,1.0905,1.09733,1.088285,1.09537,-1.0
2023-04-05,1.09535,1.09696,1.089115,1.09026,-1.0
2023-04-06,1.09027,1.09377,1.088465,1.092175,-1.0
2023-04-07,1.092205,1.0924,1.087625,1.090675,-1.0
2023-04-10,1.091315,1.09173,1.08313,1.08592,-1.0
2023-04-11,1.086125,1.092805,1.0854,1.09129,-1.0
2023-04-12,1.091175,1.100055,1.09116,1.09919,-1.0
2023-04-13,1.099115,1.10678,1.097665,1.10463,-1.0
2023-04-14,1.104625,1.107585,1.097245,1.099355,-1.0
2023-04-17,1.099375,1.099985,1.090935,1.09257,-1.0
2023-04-18,1.092475,1.09831,1.092245,1.0972,-1.0
2023-04-19,1.09687,1.09841,1.09174,1.09544,-1.0
2023-04-20,1.095475,1.098975,1.09334,1.09694,-1.0
2023-04-21,1.0966,1.099385,1.093795,1.0986,-1.0
2023-04-24,1.09905,1.10502,1.0966,1.10462,-1.0
2023-04-25,1.104285,1.106705,1.09642,1.097265,-1.0
2023-04-26,1.097225,1.109565,1.09684,1.10393,-1.0
2023-04-27,1.1038,1.10635,1.09921,1.102845,-1.0
2023-04-28,1.10275,1.1045,1.096245,1.10205,-1.0
2023-05-01,1.102075,1.103575,1.096425,1.0976,-1.0
2023-05-02,1.0976,1.10081,1.09422,1.09978,-1.0
2023-05-03,1.1002,1.109195,1.099955,1.106245,-1.0
2023-05-04,1.105925,1.109165,1.09862,1.10123,-1.0
2023-05-05,1.101225,1.10479,1.096685,1.101975,-1.0
2023-05-08,1.10215,1.10538,1.100015,1.10041,-1.0
2023-05-09,1.1001,1.100695,1.09411,1.09606,-1.0
2023-05-10,1.096525,1.10071,1.09416,1.098195,-1.0
2023-05-11,1.098145,1.09981,1.09002,1.09154,-1.0
2023-05-12,1.09215,1.09357,1.084785,1.084975,-1.0
2023-05-15,1.0854,1.089095,1.08457,1.08745,-1.0
2023-05-16,1.087445,1.090475,1.085495,1.0863,-1.0
2023-05-17,1.086375,1.087365,1.08103,1.08396,-1.0
2023-05-18,1.08398,1.08481,1.07626,1.077,-1.0
2023-05-19,1.07703,1.08289,1.076,1.08025,-1.0
2023-05-22,1.080555,1.083135,1.079555,1.081265,-1.0
2023-05-23,1.08155,1.08206,1.076035,1.076965,-1.0
2023-05-24,1.077155,1.080135,1.07483,1.074985,-1.0
2023-05-25,1.07525,1.075685,1.070735,1.072495,-1.0
2023-05-26,1.072625,1.075865,1.07018,1.07214,-1.0
2023-05-29,1.072375,1.07436,1.07054,1.07078,-1.0
2023-05-30,1.071045,1.074665,1.06725,1.07347,-1.0
2023-05-31,1.0732,1.073575,1.063515,1.06892,-1.0
2023-06-01,1.068625,1.07685,1.06619,1.07614,-1.0
2023-06-02,1.075925,1.07791,1.070505,1.07078,-1.0
2023-06-05,1.070925,1.07226,1.06745,1.07119,-1.0
2023-06-06,1.07125,1.073295,1.066715,1.069255,-1.0
2023-06-07,1.06955,1.073975,1.066835,1.06986,-1.0
2023-06-08,1.06995,1.078715,1.069675,1.07823,-1.0
2023-06-09,1.07811,1.078525,1.07428,1.074765,-1.0
2023-06-12,1.074975,1.079025,1.07331,1.07559,-1.0
2023-06-13,1.0755,1.08235,1.075475,1.07934,-1.0
2023-06-14,1.0793,1.08642,1.077385,1.082895,-1.0
2023-06-15,1.082795,1.095275,1.080385,1.094485,-1.0
2023-06-16,1.094425,1.097065,1.091795,1.09304,-1.0
2023-06-19,1.0936,1.094645,1.090715,1.09215,-1.0
2023-06-20,1.092075,1.094635,1.08922,1.091795,-1.0
2023-06-21,1.091855,1.099085,1.090575,1.09863,-1.0
2023-06-22,1.098575,1.101245,1.09485,1.09559,-1.0
2023-06-23,1.09593,1.09593,1.08444,1.089175,-1.0
2023-06-26,1.09015,1.09201,1.08873,1.09059,-1.0
2023-06-27,1.090945,1.09767,1.090215,1.09604,-1.0
2023-06-28,1.096075,1.0963,1.089665,1.091315,-1.0
2023-06-29,1.0916,1.094145,1.086025,1.08643,-1.0
2023-06-30,1.0867,1.093185,1.083525,1.09115,-1.0
2023-07-03,1.09125,1.093405,1.08701,1.091205,-1.0
2023-07-04,1.091295,1.091645,1.08768,1.087925,-1.0
2023-07-05,1.0884,1.0908,1.08511,1.085445,-1.0
2023-07-06,1.08575,1.090065,1.08335,1.0889,-1.0
2023-07-07,1.08882,1.097335,1.08669,1.096535,-1.0
2023-07-10,1.096625,1.100155,1.094355,1.10013,-1.0
2023-07-11,1.10015,1.102715,1.097695,1.10089,-1.0
2023-07-12,1.10063,1.114045,1.100625,1.11294,-1.0
2023-07-13,1.11329,1.1228,1.112815,1.12265,-1.0
2023-07-14,1.122175,1.124485,1.12042,1.122575,-1.0
2023-07-17,1.122955,1.124885,1.12034,1.12355,-1.0
2023-07-18,1.124035,1.127575,1.12089,1.12283,-1.0
2023-07-19,1.122695,1.124025,1.117435,1.11996,-1.0
2023-07-20,1.12015,1.122915,1.111845,1.11294,-1.0
2023-07-21,1.113305,1.11451,1.110795,1.112345,-1.0
2023-07-24,1.11265,1.1147,1.10603,1.106435,-1.0
2023-07-25,1.1065,1.108695,1.10208,1.10534,-1.0
2023-07-26,1.10545,1.11068,1.103785,1.108595,-1.0
2023-07-27,1.1086,1.115,1.09655,1.09765,-1.0
2023-07-28,1.0978,1.1048,1.09435,1.10145,-1.0
2023-07-31,1.1021,1.1046,1.09935,1.0997,-1.0
2023-08-01,1.0996,1.1003,1.0952,1.09845,-1.0
2023-08-02,1.09825,1.10205,1.09175,1.0938,-1.0
2023-08-03,1.09385,1.0963,1.0912,1.0949,-1.0
2023-08-04,1.0945,1.10425,1.09345,1.10075,-1.0
2023-08-07,1.10185,1.10195,1.0965,1.10025,-1.0
2023-08-08,1.1004,1.10115,1.0929,1.09565,-1.0
2023-08-09,1.0956,1.09955,1.0952,1.0974,-1.0
2023-08-10,1.0976,1.10655,1.0967,1.0981,-1.0
2023-08-11,1.09825,1.10055,1.0943,1.09475,-1.0
2023-08-14,1.09535,1.09605,1.08745,1.09055,-1.0
2023-08-15,1.091,1.09525,1.08965,1.0906,-1.0
2023-08-16,1.09035,1.0935,1.08715,1.08795,-1.0
2023-08-17,1.08785,1.09185,1.0856,1.08725,-1.0
2023-08-18,1.08675,1.0894,1.0845,1.0873,-1.0
2023-08-21,1.08725,1.091385,1.086965,1.08959,-1.0
2023-08-22,1.08955,1.093045,1.0833,1.084565,-1.0
2023-08-23,1.0844,1.087165,1.080245,1.086295,-1.0
2023-08-24,1.08665,1.087675,1.080505,1.081045,-1.0
2023-08-25,1.081075,1.084185,1.07658,1.07961,-1.0
2023-08-28,1.079625,1.08223,1.079355,1.08189,-1.0
2023-08-29,1.0816,1.0892,1.078225,1.08801,-1.0
2023-08-30,1.0876,1.09457,1.085515,1.09232,-1.0
2023-08-31,1.092505,1.093955,1.083505,1.084345,-1.0
2023-09-01,1.08487,1.088215,1.077215,1.07816,-1.0
2023-09-04,1.07785,1.08089,1.07716,1.079505,-1.0
2023-09-05,1.07925,1.079845,1.07062,1.07222,-1.0
2023-09-06,1.0724,1.07489,1.07027,1.07274,-1.0
2023-09-07,1.072425,1.07318,1.068605,1.069635,-1.0
2023-09-08,1.069775,1.074395,1.06942,1.069915,-1.0
2023-09-11,1.071375,1.07594,1.07085,1.075025,-1.0
2023-09-12,1.074775,1.07693,1.070555,1.075395,-1.0
2023-09-13,1.0754,1.0765,1.07109,1.07296,-1.0
2023-09-14,1.07305,1.075215,1.063195,1.06431,-1.0
2023-09-15,1.064355,1.068785,1.063335,1.065625,-1.0
2023-09-18,1.066325,1.069875,1.06547,1.069185,-1.0
2023-09-19,1.06915,1.0718,1.067515,1.067925,-1.0
2023-09-20,1.06785,1.07369,1.065015,1.066085,-1.0
2023-09-21,1.06603,1.067365,1.06169,1.06616,-1.0
2023-09-22,1.065925,1.06719,1.06151,1.0656,-1.0
2023-09-25,1.0652,1.065565,1.05754,1.05931,-1.0
2023-09-26,1.05942,1.060915,1.056205,1.057255,-1.0
2023-09-27,1.057005,1.057435,1.04882,1.05024,-1.0
2023-09-28,1.0508,1.057895,1.04911,1.056555,-1.0
2023-09-29,1.056225,1.06171,1.055805,1.057405,-1.0
2023-10-02,1.057175,1.059195,1.0477,1.047725,-1.0
2023-10-03,1.047975,1.049355,1.04483,1.04665,-1.0
2023-10-04,1.04685,1.053225,1.045145,1.05039,-1.0
2023-10-05,1.05068,1.055185,1.050005,1.05494,-1.0
2023-10-06,1.054725,1.06,1.04826,1.058535,-1.0
2023-10-09,1.055325,1.057445,1.05196,1.05668,-1.0
2023-10-10,1.05675,1.061985,1.05544,1.060525,-1.0
2023-10-11,1.06045,1.063475,1.058165,1.06196,-1.0
2023-10-12,1.062,1.063975,1.05258,1.052835,-1.0
2023-10-13,1.0529,1.055855,1.04955,1.051105,-1.0
2023-10-16,1.051275,1.05628,1.051035,1.05604,-1.0
2023-10-17,1.05595,1.059495,1.0533,1.05772,-1.0
2023-10-18,1.057705,1.059425,1.052315,1.053665,-1.0
2023-10-19,1.05353,1.06166,1.05282,1.05825,-1.0
2023-10-20,1.058275,1.060375,1.056495,1.05945,-1.0
2023-10-23,1.059675,1.067805,1.05715,1.06699,-1.0
2023-10-24,1.066675,1.06945,1.058305,1.059,-1.0
2023-10-25,1.059425,1.060685,1.056575,1.056645,-1.0
2023-10-26,1.056875,1.056925,1.05219,1.056255,-1.0
2023-10-27,1.056155,1.059715,1.05354,1.05636,-1.0
2023-10-30,1.05642,1.062525,1.054725,1.061525,-1.0
2023-10-31,1.061605,1.067505,1.055765,1.05744,-1.0
2023-11-01,1.057505,1.05807,1.051675,1.05702,-1.0
2023-11-02,1.057045,1.06676,1.05678,1.062175,-1.0
2023-11-03,1.061805,1.074665,1.06149,1.07298,-1.0
2023-11-06,1.0726,1.075635,1.071625,1.07173,-1.0
2023-11-07,1.07165,1.07225,1.06642,1.07001,-1.0
2023-11-08,1.070125,1.071595,1.065935,1.070925,-1.0
2023-11-09,1.07088,1.072555,1.06602,1.066785,-1.0
2023-11-10,1.066875,1.06928,1.06562,1.068355,-1.0
2023-11-13,1.068375,1.07062,1.0665,1.069835,-1.0
2023-11-14,1.06993,1.08875,1.0693,1.0879,-1.0
2023-11-15,1.087875,1.088635,1.08317,1.084725,-1.0
2023-11-16,1.08485,1.08956,1.083015,1.085225,-1.0
2023-11-17,1.0848,1.09158,1.082485,1.090715,-1.0
2023-11-20,1.0911,1.095185,1.089755,1.09402,-1.0
2023-11-21,1.093975,1.09652,1.090015,1.09108,-1.0
2023-11-22,1.091,1.0923,1.085235,1.08883,-1.0
2023-11-23,1.08878,1.09309,1.08835,1.09045,-1.0
2023-11-24,1.090225,1.094865,1.089505,1.093705,-1.0
2023-11-27,1.094345,1.09593,1.092515,1.09534,-1.0
2023-11-28,1.095375,1.100895,1.093445,1.09926,-1.0
2023-11-29,1.09949,1.101725,1.09602,1.09692,-1.0
2023-11-30,1.0969,1.098395,1.08794,1.08878,-1.0
2023-12-01,1.0885,1.09128,1.08288,1.088345,-1.0
2023-12-04,1.0883,1.08949,1.080405,1.08362,-1.0
2023-12-05,1.083275,1.084755,1.077815,1.07964,-1.0
2023-12-06,1.079495,1.080465,1.075875,1.07642,-1.0
2023-12-07,1.0765,1.081775,1.075525,1.07938,-1.0
2023-12-08,1.07944,1.08007,1.07234,1.0765,-1.0
2023-12-11,1.076125,1.0779,1.074165,1.07647,-1.0
2023-12-12,1.07617,1.08285,1.07606,1.07943,-1.0
2023-12-13,1.07954,1.089665,1.077315,1.087425,-1.0
2023-12-14,1.087625,1.100935,1.087345,1.099365,-1.0
2023-12-15,1.09925,1.100375,1.088865,1.089625,-1.0
2023-12-18,1.089625,1.093125,1.08922,1.092355,-1.0
2023-12-19,1.092025,1.09874,1.091485,1.09806,-1.0
2023-12-20,1.098525,1.098525,1.09298,1.09415,-1.0
2023-12-21,1.094125,1.10127,1.09353,1.10111,-1.0
2023-12-22,1.10049,1.104025,1.099385,1.101265,-1.0
2023-12-26,1.10189,1.10451,1.100875,1.104235,-1.0
2023-12-27,1.1042,1.112275,1.102855,1.110515,-1.0
2023-12-28,1.1102,1.11395,1.105525,1.10613,-1.0
2023-12-29,1.106725,1.108445,1.10382,1.104095,-1.0
2024-01-02,1.10366,1.104335,1.09383,1.094105,-1.0
2024-01-03,1.0943,1.09655,1.08931,1.09216,-1.0
2024-01-04,1.09182,1.09722,1.091605,1.094475,-1.0
2024-01-05,1.094975,1.099855,1.087695,1.09404,-1.0
2024-01-08,1.094425,1.097885,1.09227,1.095035,-1.0
2024-01-09,1.0956,1.096635,1.091025,1.0931,-1.0
2024-01-10,1.092925,1.097325,1.092285,1.09727,-1.0
2024-01-11,1.0971,1.100055,1.093025,1.097225,-1.0
2024-01-12,1.097305,1.098695,1.093595,1.09509,-1.0
2024-01-15,1.09485,1.096765,1.093355,1.09505,-1.0
2024-01-16,1.094925,1.095115,1.086205,1.087535,-1.0
2024-01-17,1.087375,1.088465,1.084455,1.088285,-1.0
2024-01-18,1.088175,1.09069,1.08467,1.087645,-1.0
2024-01-19,1.087325,1.08988,1.08657,1.089755,-1.0
2024-01-22,1.089115,1.090955,1.088,1.088275,-1.0
2024-01-23,1.0884,1.09163,1.08217,1.085435,-1.0
2024-01-24,1.08508,1.09324,1.085035,1.088485,-1.0
2024-01-25,1.088575,1.090205,1.08216,1.08462,-1.0
2024-01-26,1.08473,1.088595,1.08129,1.085355,-1.0
2024-01-29,1.084705,1.08502,1.079595,1.083215,-1.0
2024-01-30,1.0834,1.085745,1.0812,1.08455,-1.0
2024-01-31,1.0842,1.088755,1.07949,1.08183,-1.0
2024-02-01,1.0819,1.08748,1.07799,1.08716,-1.0
2024-02-02,1.087245,1.089765,1.07805,1.078805,-1.0
2024-02-05,1.078375,1.078735,1.072325,1.07427,-1.0
2024-02-06,1.07405,1.076245,1.072265,1.07541,-1.0
2024-02-07,1.075625,1.078405,1.075165,1.07719,-1.0
2024-02-08,1.077205,1.078895,1.07416,1.07775,-1.0
2024-02-09,1.077875,1.07957,1.076225,1.078415,-1.0
2024-02-12,1.078505,1.08055,1.075595,1.07718,-1.0
2024-02-13,1.0773,1.07989,1.07006,1.07086,-1.0
2024-02-14,1.07105,1.07345,1.0695,1.072725,-1.0
2024-02-15,1.072625,1.078485,1.072475,1.077225,-1.0
2024-02-16,1.077235,1.07875,1.07321,1.077555,-1.0
2024-02-19,1.07765,1.078945,1.076205,1.07795,-1.0
2024-02-20,1.0778,1.08388,1.07617,1.08078,-1.0
2024-02-21,1.080725,1.08245,1.079005,1.08188,-1.0
2024-02-22,1.08194,1.08886,1.08028,1.082285,-1.0
2024-02-23,1.082425,1.083965,1.08119,1.08205,-1.0
2024-02-26,1.082025,1.08598,1.08127,1.085125,-1.0
2024-02-27,1.08495,1.086595,1.0833,1.084395,-1.0
2024-02-28,1.084725,1.08481,1.079665,1.083825,-1.0
2024-02-29,1.083625,1.085595,1.079595,1.080545,-1.0
2024-03-01,1.080575,1.084325,1.07981,1.083555,-1.0
2024-03-04,1.08395,1.086685,1.08378,1.08558,-1.0
2024-03-05,1.08555,1.087615,1.084025,1.08567,-1.0
2024-03-06,1.085655,1.091535,1.08422,1.089875,-1.0
2024-03-07,1.08995,1.09493,1.08679,1.094785,-1.0
2024-03-08,1.094675,1.098125,1.091855,1.09395,-1.0
2024-03-11,1.093975,1.094815,1.09146,1.092565,-1.0
2024-03-12,1.0925,1.09439,1.090225,1.092665,-1.0
2024-03-13,1.0927,1.096385,1.092015,1.09477,-1.0
2024-03-14,1.095175,1.095485,1.088075,1.088305,-1.0
2024-03-15,1.088525,1.089965,1.0873,1.08877,-1.0
2024-03-18,1.0887,1.090625,1.086615,1.08722,-1.0
2024-03-19,1.08722,1.087655,1.08347,1.08658,-1.0
2024-03-20,1.0864,1.09228,1.08365,1.092195,-1.0
2024-03-21,1.0921,1.09426,1.08555,1.08599,-1.0
2024-03-22,1.086,1.08681,1.08018,1.08075,-1.0
2024-03-25,1.080905,1.08425,1.08022,1.08373,-1.0
2024-03-26,1.08375,1.08644,1.082435,1.083115,-1.0
2024-03-27,1.08325,1.08391,1.081075,1.082775,-1.0
2024-03-28,1.082685,1.0828,1.07751,1.07884,-1.0
2024-03-29,1.07896,1.080565,1.07683,1.07923,-1.0
2024-04-01,1.079325,1.07989,1.0731,1.07431,-1.0
2024-04-02,1.07415,1.0779,1.072465,1.076935,-1.0
2024-04-03,1.07705,1.083685,1.07641,1.0836,-1.0
2024-04-04,1.08345,1.087665,1.083185,1.08369,-1.0
2024-04-05,1.0836,1.0848,1.079135,1.08375,-1.0
2024-04-08,1.08385,1.086215,1.082095,1.085925,-1.0
2024-04-09,1.0858,1.08851,1.08477,1.0857,-1.0
2024-04-10,1.085725,1.086655,1.072885,1.07425,-1.0
2024-04-11,1.074375,1.075655,1.069925,1.07259,-1.0
2024-04-12,1.072865,1.072945,1.062265,1.064175,-1.0
2024-04-15,1.063575,1.06652,1.06204,1.062435,-1.0
2024-04-16,1.062425,1.065365,1.060125,1.061865,-1.0
2024-04-17,1.062325,1.06797,1.06061,1.06728,-1.0
2024-04-18,1.06707,1.069005,1.064145,1.064325,-1.0
2024-04-19,1.064425,1.067775,1.06105,1.06565,-1.0
2024-04-22,1.066115,1.06707,1.0624,1.06546,-1.0
2024-04-23,1.06553,1.07114,1.06386,1.07013,-1.0
2024-04-24,1.070325,1.07143,1.06781,1.0699,-1.0
2024-04-25,1.0698,1.074065,1.067835,1.072965,-1.0
2024-04-26,1.072875,1.075285,1.067395,1.06936,-1.0
2024-04-29,1.069675,1.07338,1.069025,1.07207,-1.0
2024-04-30,1.07215,1.073545,1.06649,1.0666,-1.0
2024-05-01,1.067325,1.073265,1.06495,1.07124,-1.0
2024-05-02,1.07135,1.073025,1.06742,1.072515,-1.0
2024-05-03,1.072545,1.081295,1.07238,1.07625,-1.0
2024-05-06,1.076275,1.07908,1.075525,1.07687,-1.0
2024-05-07,1.0768,1.07874,1.074795,1.075475,-1.0
2024-05-08,1.07558,1.07575,1.073505,1.07485,-1.0
2024-05-09,1.0748,1.078465,1.072395,1.078175,-1.0
2024-05-10,1.078125,1.079015,1.07604,1.07714,-1.0
2024-05-13,1.077225,1.080685,1.076575,1.078975,-1.0
2024-05-14,1.07885,1.082575,1.0767,1.0819,-1.0
2024-05-15,1.081905,1.08862,1.08131,1.08844,-1.0
2024-05-16,1.08815,1.0895,1.085445,1.0867,-1.0
2024-05-17,1.086725,1.08785,1.08357,1.08689,-1.0
2024-05-20,1.086875,1.088445,1.085415,1.085675,-1.0
2024-05-21,1.08575,1.08748,1.084275,1.085385,-1.0
2024-05-22,1.085455,1.086355,1.081745,1.082265,-1.0
2024-05-23,1.082375,1.086105,1.080485,1.081515,-1.0
2024-05-24,1.081425,1.085785,1.08055,1.0847,-1.0
2024-05-27,1.084525,1.08675,1.08407,1.08586,-1.0
2024-05-28,1.086,1.088905,1.085425,1.085665,-1.0
2024-05-29,1.085875,1.086155,1.08001,1.080115,-1.0
2024-05-30,1.08028,1.084515,1.07884,1.08318,-1.0
2024-05-31,1.08335,1.088235,1.08112,1.08474,-1.0
2024-06-03,1.08484,1.090475,1.082785,1.09044,-1.0
2024-06-04,1.090225,1.0916,1.085895,1.087915,-1.0
2024-06-05,1.08808,1.089185,1.08545,1.08682,-1.0
2024-06-06,1.087025,1.090205,1.08619,1.088885,-1.0
2024-06-07,1.0892,1.09029,1.079925,1.080165,-1.0
2024-06-10,1.07695,1.07816,1.073275,1.076505,-1.0
2024-06-11,1.076415,1.077355,1.07195,1.07405,-1.0
2024-06-12,1.074175,1.08523,1.073465,1.080895,-1.0
2024-06-13,1.08089,1.081645,1.07329,1.0737,-1.0
2024-06-14,1.074,1.074495,1.06676,1.07053,-1.0
2024-06-17,1.070575,1.07378,1.06864,1.07344,-1.0
2024-06-18,1.073105,1.076155,1.071005,1.073955,-1.0
2024-06-19,1.074025,1.075345,1.072475,1.07426,-1.0
2024-06-20,1.07458,1.07488,1.07018,1.07021,-1.0
2024-06-21,1.070325,1.072055,1.067105,1.06923,-1.0
2024-06-24,1.069075,1.074645,1.06837,1.07329,-1.0
2024-06-25,1.07337,1.074415,1.06907,1.07144,-1.0
2024-06-26,1.07145,1.071795,1.06661,1.06806,-1.0
2024-06-27,1.06785,1.072645,1.067705,1.070375,-1.0
2024-06-28,1.070325,1.07247,1.068535,1.07127,-1.0
2024-07-01,1.0744,1.077645,1.071955,1.074055,-1.0
2024-07-02,1.073725,1.074715,1.071005,1.07452,-1.0
2024-07-03,1.07455,1.081685,1.073625,1.078735,-1.0
2024-07-04,1.07867,1.081395,1.078355,1.08127,-1.0
2024-07-05,1.08118,1.08427,1.079945,1.084005,-1.0
2024-07-08,1.081275,1.084515,1.08115,1.08239,-1.0
2024-07-09,1.082425,1.083345,1.08054,1.08137,-1.0
2024-07-10,1.08143,1.083075,1.081095,1.083005,-1.0
2024-07-11,1.082795,1.08999,1.08278,1.086815,-1.0
2024-07-12,1.086775,1.09114,1.08618,1.09057,-1.0
2024-07-15,1.089305,1.092235,1.088345,1.089415,-1.0
2024-07-16,1.08953,1.09055,1.087165,1.08996,-1.0
2024-07-17,1.09,1.09481,1.08952,1.093925,-1.0
2024-07-18,1.0939,1.0941,1.08936,1.089665,-1.0
2024-07-19,1.089825,1.090185,1.08757,1.08822,-1.0
2024-07-22,1.088475,1.090295,1.087315,1.08912,-1.0
2024-07-23,1.088925,1.08967,1.0844,1.085335,-1.0
2024-07-24,1.085375,1.086655,1.082575,1.08398,-1.0
2024-07-25,1.084025,1.086995,1.082835,1.084585,-1.0
2024-07-26,1.08465,1.086825,1.08422,1.0856,-1.0
2024-07-29,1.08585,1.086995,1.080275,1.08212,-1.0
2024-07-30,1.082325,1.083575,1.07983,1.081505,-1.0
2024-07-31,1.081475,1.084935,1.080195,1.082575,-1.0
2024-08-01,1.08245,1.08355,1.07775,1.079155,-1.0
2024-08-02,1.079175,1.09267,1.078195,1.09091,-1.0
2024-08-05,1.09215,1.1009,1.08924,1.09525,-1.0
2024-08-06,1.095045,1.096315,1.090375,1.093145,-1.0
2024-08-07,1.092975,1.093665,1.09055,1.092175,-1.0
2024-08-08,1.0921,1.09452,1.08814,1.09186,-1.0
2024-08-09,1.09165,1.09314,1.090915,1.091685,-1.0
2024-08-12,1.09175,1.093945,1.091005,1.093165,-1.0
2024-08-13,1.093125,1.099965,1.09137,1.099335,-1.0
2024-08-14,1.09925,1.104745,1.09865,1.101235,-1.0
2024-08-15,1.101225,1.10158,1.09496,1.097275,-1.0
2024-08-16,1.097225,1.10298,1.097095,1.102605,-1.0
2024-08-19,1.10265,1.108635,1.102275,1.108505,-1.0
2024-08-20,1.10855,1.11306,1.10719,1.112985,-1.0
2024-08-21,1.11265,1.117415,1.109915,1.11497,-1.0
2024-08-22,1.11497,1.116535,1.109815,1.11123,-1.0
2024-08-23,1.11115,1.120095,1.110545,1.11905,-1.0
2024-08-26,1.119075,1.120155,1.115005,1.116115,-1.0
2024-08-27,1.11622,1.119055,1.11499,1.118415,-1.0
2024-08-28,1.118225,1.11855,1.110495,1.11197,-1.0
2024-08-29,1.11195,1.113995,1.105575,1.10774,-1.0
2024-08-30,1.107735,1.109505,1.104385,1.104615,-1.0
2024-09-02,1.1048,1.10775,1.104205,1.10718,-1.0
2024-09-03,1.10727,1.107285,1.10264,1.104335,-1.0
2024-09-04,1.10414,1.10951,1.10396,1.10821,-1.0
2024-09-05,1.108325,1.11197,1.107475,1.11105,-1.0
2024-09-06,1.1111,1.115565,1.10657,1.10846,-1.0
2024-09-09,1.108375,1.10912,1.103375,1.103445,-1.0
2024-09-10,1.103725,1.104985,1.101515,1.101965,-1.0
2024-09-11,1.10195,1.105485,1.1002,1.10121,-1.0
2024-09-12,1.101405,1.10752,1.100555,1.107445,-1.0
2024-09-13,1.10735,1.11019,1.10704,1.107205,-1.0
2024-09-16,1.107925,1.11376,1.10749,1.11328,-1.0
2024-09-17,1.11325,1.114635,1.111085,1.111365,-1.0
2024-09-18,1.111525,1.11893,1.109675,1.11189,-1.0
2024-09-19,1.11163,1.117895,1.106845,1.11617,-1.0
2024-09-20,1.116175,1.11819,1.113615,1.116345,-1.0
2024-09-23,1.11665,1.116725,1.108325,1.111125,-1.0
2024-09-24,1.111385,1.118095,1.110345,1.117965,-1.0
2024-09-25,1.117875,1.121405,1.11216,1.113285,-1.0
2024-09-26,1.11318,1.118925,1.112575,1.117675,-1.0
2024-09-27,1.11765,1.120305,1.112475,1.116455,-1.0
2024-09-30,1.11603,1.120905,1.111375,1.11349,-1.0
2024-10-01,1.113365,1.114415,1.104585,1.106785,-1.0
2024-10-02,1.107,1.108295,1.10327,1.104475,-1.0
2024-10-03,1.10485,1.104945,1.100835,1.10316,-1.0
2024-10-04,1.1032,1.103965,1.095135,1.097145,-1.0
2024-10-07,1.09678,1.09869,1.095435,1.0969,-1.0
2024-10-08,1.097525,1.099715,1.0961,1.098145,-1.0
2024-10-09,1.097575,1.0981,1.09362,1.093885,-1.0
2024-10-10,1.094085,1.09551,1.090015,1.093535,-1.0
2024-10-11,1.093485,1.09538,1.092615,1.09372,-1.0
2024-10-14,1.09328,1.093665,1.08882,1.09089,-1.0
2024-10-15,1.090745,1.09168,1.088185,1.089275,-1.0
2024-10-16,1.089205,1.09016,1.085325,1.0862,-1.0
2024-10-17,1.086575,1.08739,1.08111,1.08313,-1.0
2024-10-18,1.08307,1.086955,1.082535,1.08667,-1.0
2024-10-21,1.086525,1.08719,1.081115,1.08152,-1.0
2024-10-22,1.081765,1.08382,1.07927,1.079995,-1.0
2024-10-23,1.079725,1.08067,1.076125,1.07818,-1.0
2024-10-24,1.07835,1.08299,1.077045,1.082765,-1.0
2024-10-25,1.082775,1.08393,1.079315,1.07951,-1.0
2024-10-28,1.0793,1.08277,1.078215,1.08123,-1.0
2024-10-29,1.081475,1.08264,1.07689,1.081825,-1.0
2024-10-30,1.081455,1.087135,1.080805,1.085605,-1.0
2024-10-31,1.085905,1.088815,1.08442,1.08835,-1.0
2024-11-01,1.088425,1.09058,1.083185,1.08342,-1.0
2024-11-04,1.08795,1.09148,1.086995,1.087825,-1.0
2024-11-05,1.087825,1.09366,1.087255,1.092895,-1.0
2024-11-06,1.09283,1.093715,1.068255,1.072915,-1.0
2024-11-07,1.072955,1.08247,1.071295,1.080515,-1.0
2024-11-08,1.08042,1.080545,1.068695,1.071855,-1.0
2024-11-11,1.071095,1.07279,1.062865,1.065585,-1.0
2024-11-12,1.0656,1.06632,1.059505,1.062285,-1.0
2024-11-13,1.0621,1.065445,1.055575,1.05635,-1.0
2024-11-14,1.05609,1.05826,1.04962,1.05306,-1.0
2024-11-15,1.053,1.05931,1.051645,1.0542,-1.0
2024-11-18,1.053275,1.06072,1.05304,1.05985,-1.0
2024-11-19,1.059875,1.060125,1.05236,1.05948,-1.0
2024-11-20,1.05945,1.06099,1.05068,1.054375,-1.0
2024-11-21,1.054275,1.055495,1.046215,1.04744,-1.0
2024-11-22,1.047325,1.04982,1.033235,1.041835,-1.0
2024-11-25,1.04765,1.05305,1.044895,1.04952,-1.0
2024-11-26,1.04958,1.05448,1.042515,1.049,-1.0
2024-11-27,1.048735,1.05877,1.04745,1.05659,-1.0
2024-11-28,1.056605,1.056975,1.05276,1.055465,-1.0
2024-11-29,1.05512,1.05973,1.05414,1.057715,-1.0
2024-12-02,1.056875,1.05707,1.04606,1.049805,-1.0
2024-12-03,1.05003,1.053515,1.048065,1.050855,-1.0
2024-12-04,1.050575,1.054415,1.047235,1.051145,-1.0
2024-12-05,1.051125,1.05896,1.050795,1.058595,-1.0
2024-12-06,1.0586,1.06299,1.054225,1.056815,-1.0
2024-12-09,1.055995,1.05945,1.05321,1.05534,-1.0
2024-12-10,1.05536,1.056825,1.049845,1.052735,-1.0
2024-12-11,1.05275,1.05394,1.048025,1.04953,-1.0
2024-12-12,1.04955,1.053095,1.04638,1.046845,-1.0
2024-12-13,1.047005,1.052425,1.045325,1.050105,-1.0
2024-12-16,1.048975,1.05249,1.04747,1.05108,-1.0
2024-12-17,1.051125,1.053445,1.04792,1.049115,-1.0
2024-12-18,1.049275,1.05128,1.034405,1.03531,-1.0
2024-12-19,1.03525,1.042245,1.034755,1.036215,-1.0
2024-12-20,1.036425,1.044765,1.034315,1.04256,-1.0
2024-12-23,1.043025,1.044635,1.038435,1.04054,-1.0
2024-12-24,1.040525,1.041005,1.038365,1.04021,-1.0
2024-12-26,1.03991,1.04301,1.03905,1.042145,-1.0
2024-12-27,1.04193,1.04441,1.04051,1.04256,-1.0
2024-12-30,1.043225,1.045845,1.037175,1.04073,-1.0
2024-12-31,1.040375,1.04245,1.034395,1.03584,-1.0
2025-01-02,1.035085,1.037595,1.022395,1.02667,-1.0
2025-01-03,1.026375,1.031,1.02634,1.03089,-1.0
2025-01-06,1.030475,1.04369,1.029555,1.03901,-1.0
2025-01-07,1.0391,1.043445,1.03396,1.03403,-1.0
2025-01-08,1.03435,1.035765,1.027325,1.031865,-1.0
2025-01-09,1.031725,1.032165,1.028365,1.02994,-1.0
2025-01-10,1.03018,1.031205,1.02131,1.02416,-1.0
2025-01-13,1.02426,1.025005,1.017755,1.024485,-1.0
2025-01-14,1.025325,1.030875,1.02385,1.030805,-1.0
2025-01-15,1.0305,1.035465,1.025825,1.028875,-1.0
2025-01-16,1.0291,1.03151,1.02606,1.03026,-1.0
2025-01-17,1.03025,1.03308,1.02653,1.027175,-1.0
2025-01-20,1.02792,1.04346,1.02665,1.041595,-1.0
2025-01-21,1.04185,1.04354,1.034185,1.042705,-1.0
2025-01-22,1.042525,1.04574,1.03922,1.040875,-1.0
2025-01-23,1.04083,1.04381,1.037205,1.041575,-1.0
2025-01-24,1.041825,1.05216,1.041175,1.04994,-1.0
2025-01-27,1.048115,1.05333,1.0454,1.04921,-1.0
2025-01-28,1.049325,1.049375,1.04139,1.04305,-1.0
2025-01-29,1.042825,1.044375,1.03823,1.042125,-1.0
2025-01-30,1.04182,1.046785,1.038615,1.039095,-1.0
2025-01-31,1.039145,1.043405,1.035005,1.03655,-1.0
2025-02-03,1.02543,1.035005,1.021105,1.03445,-1.0
2025-02-04,1.033325,1.038765,1.027195,1.037845,-1.0
2025-02-05,1.03773,1.044295,1.03698,1.04024,-1.0
2025-02-06,1.0404,1.040595,1.035255,1.03834,-1.0
2025-02-07,1.0385,1.04135,1.030525,1.032795,-1.0
2025-02-10,1.02968,1.03366,1.028945,1.0307,-1.0
2025-02-11,1.03094,1.038165,1.029215,1.03612,-1.0
2025-02-12,1.0362,1.04299,1.031725,1.03827,-1.0
2025-02-13,1.038585,1.046755,1.03731,1.04643,-1.0
2025-02-14,1.046475,1.051425,1.04472,1.049015,-1.0
2025-02-17,1.0487,1.05065,1.046715,1.04843,-1.0
2025-02-18,1.047975,1.04864,1.043525,1.044615,-1.0
2025-02-19,1.044625,1.046135,1.040085,1.04228,-1.0
2025-02-20,1.042235,1.050345,1.041875,1.05013,-1.0
2025-02-21,1.04988,1.05058,1.04494,1.04596,-1.0
2025-02-24,1.04683,1.05284,1.04529,1.04679,-1.0
2025-02-25,1.046775,1.051935,1.045625,1.051295,-1.0
2025-02-26,1.051375,1.05288,1.047505,1.04843,-1.0
2025-02-27,1.048475,1.04925,1.039695,1.039815,-1.0
2025-02-28,1.0397,1.042005,1.035995,1.03775,-1.0
2025-03-03,1.040175,1.05045,1.038855,1.048665,-1.0
2025-03-04,1.048725,1.062765,1.047115,1.06259,-1.0
2025-03-05,1.06259,1.079675,1.0602,1.07895,-1.0
2025-03-06,1.07905,1.085395,1.07658,1.07841,-1.0
2025-03-07,1.078725,1.08889,1.07813,1.08332,-1.0
2025-03-10,1.08405,1.087475,1.080515,1.083345,-1.0
2025-03-11,1.08335,1.094725,1.0832,1.091895,-1.0
2025-03-12,1.09165,1.093215,1.08757,1.088795,-1.0
2025-03-13,1.08888,1.089725,1.08226,1.085255,-1.0
2025-03-14,1.08495,1.09126,1.083075,1.087945,-1.0
2025-03-17,1.088045,1.092985,1.086865,1.09227,-1.0
2025-03-18,1.092025,1.09547,1.08926,1.094505,-1.0
2025-03-19,1.0945,1.09467,1.086055,1.09027,-1.0
2025-03-20,1.090275,1.09173,1.081475,1.08503,-1.0
2025-03-21,1.085475,1.08615,1.079655,1.08168,-1.0
2025-03-24,1.081475,1.085815,1.07817,1.080095,-1.0
2025-03-25,1.079925,1.083015,1.077695,1.07914,-1.0
2025-03-26,1.079255,1.080285,1.074395,1.075385,-1.0
2025-03-27,1.075425,1.082115,1.07332,1.080145,-1.0
2025-03-28,1.08006,1.08447,1.076455,1.082925,-1.0
2025-03-31,1.08275,1.084935,1.078405,1.08159,-1.0
2025-04-01,1.08195,1.083,1.07784,1.07934,-1.0
2025-04-02,1.079175,1.092455,1.07802,1.08526,-1.0
2025-04-03,1.08363,1.11467,1.080505,1.10518,-1.0
2025-04-04,1.10495,1.11078,1.092415,1.095225,-1.0
2025-04-07,1.08835,1.105015,1.088225,1.09123,-1.0
2025-04-08,1.0905,1.099195,1.088825,1.09607,-1.0
2025-04-09,1.095225,1.10953,1.09136,1.094965,-1.0
2025-04-10,1.0952,1.124165,1.09432,1.119885,-1.0
2025-04-11,1.11995,1.14741,1.119,1.13425,-1.0
2025-04-14,1.13185,1.142475,1.1296,1.135055,-1.0
2025-04-15,1.1346,1.137915,1.126415,1.12826,-1.0
2025-04-16,1.1285,1.141285,1.12812,1.139885,-1.0
2025-04-17,1.14,1.140935,1.13353,1.136735,-1.0
2025-04-18,1.13665,1.13978,1.135905,1.13935,-1.0
2025-04-21,1.14491,1.157335,1.144895,1.151515,-1.0
2025-04-22,1.15125,1.15474,1.14175,1.142115,-1.0
2025-04-23,1.142645,1.144005,1.13079,1.131625,-1.0
2025-04-24,1.132175,1.139815,1.131575,1.139085,-1.0
2025-04-25,1.138955,1.139395,1.131575,1.13652,-1.0
2025-04-28,1.136325,1.14251,1.132945,1.14201,-1.0
2025-04-29,1.1421,1.142205,1.137025,1.1385,-1.0
2025-04-30,1.138845,1.13996,1.13172,1.132865,-1.0
2025-05-01,1.1329,1.13412,1.126595,1.12896,-1.0
2025-05-02,1.1287,1.138115,1.12743,1.12936,-1.0
2025-05-05,1.130225,1.136495,1.129525,1.131405,-1.0
2025-05-06,1.1315,1.13813,1.127995,1.13698,-1.0
2025-05-07,1.1369,1.13783,1.129185,1.129965,-1.0
2025-05-08,1.1309,1.133645,1.12119,1.122495,-1.0
2025-05-09,1.122475,1.129305,1.11968,1.1253,-1.0
2025-05-12,1.1208,1.12428,1.10654,1.108495,-1.0
2025-05-13,1.10915,1.11949,1.108685,1.118525,-1.0
2025-05-14,1.1188,1.126595,1.116455,1.117385,-1.0
2025-05-15,1.11755,1.122835,1.11704,1.11876,-1.0
2025-05-16,1.118675,1.121965,1.113115,1.116545,-1.0
2025-05-19,1.1179,1.12882,1.116865,1.124005,-1.0
2025-05-20,1.124375,1.128595,1.12181,1.12833,-1.0
2025-05-21,1.128305,1.136295,1.128045,1.133215,-1.0
2025-05-22,1.13285,1.134515,1.12558,1.128055,-1.0
2025-05-23,1.1281,1.137585,1.127915,1.13679,-1.0
2025-05-26,1.136675,1.141885,1.136225,1.13865,-1.0
2025-05-27,1.138175,1.140735,1.13232,1.132835,-1.0
2025-05-28,1.1327,1.134525,1.128385,1.129235,-1.0
2025-05-29,1.1296,1.13847,1.12105,1.13695,-1.0
2025-05-30,1.137275,1.138995,1.13126,1.134755,-1.0
2025-06-02,1.134925,1.14498,1.134825,1.144105,-1.0
2025-06-03,1.14385,1.14548,1.136415,1.137185,-1.0
2025-06-04,1.13715,1.14346,1.13572,1.14164,-1.0
2025-06-05,1.14165,1.14951,1.14047,1.14451,-1.0
2025-06-06,1.144505,1.145745,1.13717,1.13957,-1.0
2025-06-09,1.139375,1.143935,1.13866,1.14208,-1.0
2025-06-10,1.142025,1.144765,1.137305,1.14242,-1.0
2025-06-11,1.14265,1.149965,1.14054,1.148755,-1.0
2025-06-12,1.148605,1.16319,1.148605,1.158355,-1.0
2025-06-13,1.158775,1.161475,1.148885,1.154705,-1.0
2025-06-16,1.153075,1.161475,1.152375,1.156105,-1.0
2025-06-17,1.156675,1.158035,1.14747,1.14799,-1.0
2025-06-18,1.1489,1.15304,1.146095,1.148015,-1.0
2025-06-19,1.148025,1.150005,1.14463,1.14959,-1.0
2025-06-20,1.149445,1.1544,1.149165,1.15233,-1.0
2025-06-23,1.14715,1.15817,1.145365,1.157705,-1.0
2025-06-24,1.15795,1.16418,1.15735,1.160955,-1.0
2025-06-25,1.161525,1.16652,1.15901,1.165945,-1.0
2025-06-26,1.1656,1.17451,1.165465,1.170045,-1.0
2025-06-27,1.170895,1.175415,1.1681,1.170985,-1.0
2025-06-30,1.17275,1.178865,1.170785,1.17873,-1.0
2025-07-01,1.17795,1.183005,1.176145,1.180625,-1.0
2025-07-02,1.180205,1.181005,1.174685,1.179905,-1.0
2025-07-03,1.179775,1.181025,1.17176,1.175695,-1.0
2025-07-04,1.175475,1.17876,1.17528,1.1775,-1.0
2025-07-07,1.178355,1.17903,1.16868,1.17082,-1.0
2025-07-08,1.171025,1.176525,1.16824,1.17253,-1.0
2025-07-09,1.1721,1.172945,1.168955,1.172045,-1.0
2025-07-10,1.171475,1.174965,1.16627,1.170045,-1.0
2025-07-11,1.16985,1.17144,1.16648,1.16887,-1.0
2025-07-14,1.16683,1.16978,1.16544,1.16645,-1.0
2025-07-15,1.166265,1.16927,1.159285,1.160125,-1.0
2025-07-16,1.15995,1.172165,1.156225,1.164145,-1.0
2025-07-17,1.163475,1.164265,1.15567,1.159655,-1.0
2025-07-18,1.1595,1.167195,1.159475,1.16225,-1.0
2025-07-21,1.16305,1.17168,1.161455,1.16937,-1.0
2025-07-22,1.16913,1.176065,1.167885,1.175415,-1.0
2025-07-23,1.175425,1.17752,1.17109,1.17711,-1.0
2025-07-24,1.176975,1.17889,1.173065,1.17479,-1.0
2025-07-25,1.17438,1.17609,1.17031,1.174215,-1.0
2025-07-28,1.17566,1.17705,1.158525,1.15892,-1.0
2025-07-29,1.159125,1.159925,1.151895,1.154735,-1.0
2025-07-30,1.154725,1.15727,1.140095,1.1405,-1.0
2025-07-31,1.14043,1.146085,1.140405,1.14151,-1.0
2025-08-01,1.14165,1.159705,1.139165,1.158545,-1.0
2025-08-04,1.15948,1.159685,1.15497,1.157205,-1.0
2025-08-05,1.15715,1.15878,1.15278,1.157535,-1.0
2025-08-06,1.157325,1.166855,1.156445,1.165965,-1.0
2025-08-07,1.165775,1.169895,1.1611,1.16651,-1.0
2025-08-08,1.16665,1.167945,1.16287,1.164005,-1.0
2025-08-11,1.16487,1.16755,1.15901,1.16152,-1.0
2025-08-12,1.16135,1.16974,1.159875,1.167475,-1.0
2025-08-13,1.167475,1.173025,1.166965,1.17057,-1.0
2025-08-14,1.170225,1.17151,1.163115,1.16475,-1.0
2025-08-15,1.16495,1.17153,1.164635,1.17019,-1.0
2025-08-18,1.171175,1.17163,1.1656,1.16608,-1.0
2025-08-19,1.166175,1.16929,1.16391,1.16467,-1.0
2025-08-20,1.164985,1.16738,1.162205,1.165155,-1.0
2025-08-21,1.16545,1.16629,1.16012,1.160575,-1.0
2025-08-22,1.1607,1.17428,1.158305,1.17168,-1.0
2025-08-25,1.172325,1.172745,1.16029,1.161855,-1.0
2025-08-26,1.16195,1.16654,1.160215,1.164235,-1.0
2025-08-27,1.164545,1.164805,1.15741,1.16386,-1.0
2025-08-28,1.1637,1.16974,1.162905,1.16837,-1.0
2025-08-29,1.167925,1.170895,1.165085,1.168525,-1.0
2025-09-01,1.169625,1.173645,1.16868,1.171125,-1.0
2025-09-02,1.17085,1.17183,1.161285,1.16402,-1.0
2025-09-03,1.163775,1.16822,1.16082,1.166195,-1.0
2025-09-04,1.16605,1.166955,1.162985,1.16496,-1.0
2025-09-05,1.164895,1.17595,1.164855,1.1716,-1.0
2025-09-08,1.17175,1.176575,1.17037,1.17634,-1.0
2025-09-09,1.176175,1.177995,1.170375,1.170845,-1.0
2025-09-10,1.171215,1.173075,1.16825,1.16948,-1.0
2025-09-11,1.169645,1.17461,1.166105,1.17341,-1.0
2025-09-12,1.173425,1.174785,1.170125,1.173525,-1.0
2025-09-15,1.173125,1.177455,1.17163,1.17611,-1.0
2025-09-16,1.17652,1.18784,1.175745,1.186725,-1.0
2025-09-17,1.18578,1.19189,1.1808,1.1813,-1.0
2025-09-18,1.18125,1.18484,1.17502,1.178735,-1.0
2025-09-19,1.1789,1.17926,1.172885,1.17491,-1.0
2025-09-22,1.17462,1.18041,1.17262,1.180315,-1.0
2025-09-23,1.179475,1.182005,1.177905,1.18155,-1.0
2025-09-24,1.18145,1.18193,1.17282,1.173785,-1.0
2025-09-25,1.173825,1.17541,1.16455,1.166585,-1.0
2025-09-26,1.1659,1.170745,1.1658,1.170365,-1.0
2025-09-29,1.170325,1.175465,1.170155,1.172675,-1.0
2025-09-30,1.17267,1.176165,1.17123,1.173335,-1.0
2025-10-01,1.17375,1.177875,1.171555,1.172635,-1.0
2025-10-02,1.17293,1.17585,1.16832,1.171555,-1.0
2025-10-03,1.17174,1.175955,1.171465,1.174225,-1.0
2025-10-06,1.1725,1.173185,1.16517,1.17113,-1.0
2025-10-07,1.170825,1.17161,1.16477,1.165695,-1.0
2025-10-08,1.16571,1.16613,1.15985,1.16297,-1.0
2025-10-09,1.16275,1.164825,1.154215,1.156415,-1.0
2025-10-10,1.156175,1.163085,1.15571,1.16179,-1.0
2025-10-13,1.161125,1.162995,1.15575,1.15699,-1.0
2025-10-14,1.157125,1.161515,1.154235,1.16066,-1.0
2025-10-15,1.1608,1.164785,1.160175,1.164715,-1.0
2025-10-16,1.16433,1.169435,1.16429,1.168725,-1.0
2025-10-17,1.168675,1.172845,1.16507,1.165385,-1.0
2025-10-20,1.1667,1.167555,1.16383,1.16417,-1.0
2025-10-21,1.164425,1.165515,1.159775,1.159975,-1.0
2025-10-22,1.16035,1.16225,1.157695,1.16106,-1.0
2025-10-23,1.161025,1.162015,1.158545,1.16183,-1.0
2025-10-24,1.16165,1.16502,1.160095,1.16289,-1.0
2025-10-27,1.16355,1.16521,1.16178,1.16447,-1.0
2025-10-28,1.1646,1.166895,1.162555,1.165095,-1.0
2025-10-29,1.165175,1.16661,1.15777,1.160105,-1.0
2025-10-30,1.16035,1.163755,1.15471,1.15646,-1.0
2025-10-31,1.15668,1.157755,1.15216,1.15365,-1.0
2025-11-03,1.15312,1.15413,1.15051,1.151995,-1.0
2025-11-04,1.152,1.15336,1.14731,1.14821,-1.0
2025-11-05,1.148175,1.149815,1.14687,1.149235,-1.0
2025-11-06,1.149125,1.155235,1.1491,1.15471,-1.0
2025-11-07,1.15445,1.159115,1.15296,1.156735,-1.0
2025-11-10,1.155975,1.15832,1.154105,1.155705,-1.0
2025-11-11,1.155855,1.160595,1.15472,1.158245,-1.0
2025-11-12,1.15848,1.15978,1.156295,1.15933,-1.0
2025-11-13,1.159125,1.16562,1.157905,1.16337,-1.0
2025-11-14,1.1638,1.165385,1.16061,1.161975,-1.0
2025-11-17,1.16233,1.162475,1.158195,1.15917,-1.0
2025-11-18,1.15893,1.160785,1.157155,1.158085,-1.0
2025-11-19,1.15805,1.159725,1.151775,1.15375,-1.0
2025-11-20,1.15387,1.155005,1.15013,1.152815,-1.0
2025-11-21,1.152725,1.155255,1.149115,1.151455,-1.0
2025-11-24,1.15138,1.155055,1.15019,1.152085,-1.0
2025-11-25,1.15235,1.158605,1.15116,1.15704,-1.0
2025-11-26,1.157,1.160095,1.154715,1.159505,-1.0
2025-11-27,1.159505,1.161345,1.157665,1.159605,-1.0
2025-11-28,1.159525,1.16076,1.155565,1.1596,-1.0
2025-12-01,1.159475,1.165245,1.158955,1.161,-1.0
2025-12-02,1.160725,1.162605,1.159135,1.162415,-1.0
2025-12-03,1.162175,1.167765,1.16214,1.167115,-1.0
2025-12-04,1.167175,1.1682,1.164105,1.16445,-1.0
2025-12-05,1.16447,1.16718,1.16281,1.164415,-1.0
2025-12-08,1.16405,1.167205,1.161635,1.163745,-1.0
2025-12-09,1.163525,1.165725,1.161515,1.162855,-1.0
2025-12-10,1.1626,1.16998,1.16217,1.16953,-1.0
2025-12-11,1.16919,1.176275,1.16823,1.1738,-1.0
2025-12-12,1.173875,1.174985,1.171955,1.174065,-1.0
2025-12-15,1.173645,1.176895,1.17264,1.175265,-1.0
2025-12-16,1.17513,1.180425,1.173445,1.174675,-1.0
2025-12-17,1.17483,1.175825,1.17032,1.17404,-1.0
2025-12-18,1.17417,1.176305,1.17123,1.172245,-1.0
2025-12-19,1.17225,1.173785,1.170255,1.17098,-1.0
2025-12-22,1.1719,1.176945,1.17064,1.17612,-1.0
2025-12-23,1.175975,1.180205,1.17586,1.179475,-1.0
2025-12-24,1.179325,1.180795,1.177275,1.178195,-1.0
2025-12-26,1.178405,1.179685,1.176145,1.17724,-1.0
2025-12-29,1.17705,1.178915,1.17494,1.17728,-1.0
2025-12-30,1.177,1.17798,1.174335,1.174805,-1.0
2025-12-31,1.174825,1.17595,1.172005,1.17406,-1.0
2026-01-02,1.17509,1.17649,1.171335,1.17202,-1.0
2026-01-05,1.172425,1.17289,1.16592,1.172175,-1.0
2026-01-06,1.17223,1.17429,1.16839,1.16887,-1.0
2026-01-07,1.16865,1.170265,1.167275,1.16742,-1.0
2026-01-08,1.1676,1.1683,1.164265,1.165975,-1.0
2026-01-09,1.166,1.16623,1.161825,1.163685,-1.0
2026-01-12,1.16325,1.169855,1.16217,1.166685,-1.0
2026-01-13,1.1669,1.1678,1.16342,1.16426,-1.0
2026-01-14,1.164485,1.166165,1.163535,1.16443,-1.0
2026-01-15,1.1646,1.16472,1.159315,1.160845,-1.0
2026-01-16,1.1609,1.162745,1.158445,1.15977,-1.0
2026-01-19,1.15815,1.164885,1.15788,1.164585,-1.0
2026-01-20,1.164615,1.17691,1.163255,1.17248,-1.0
2026-01-21,1.172275,1.17431,1.167625,1.168355,-1.0
2026-01-22,1.16844,1.175655,1.167,1.1755,-1.0
2026-01-23,1.17544,1.183375,1.172835,1.18215,-1.0
2026-01-26,1.185675,1.190715,1.183505,1.188075,-1.0
2026-01-27,1.187625,1.2083,1.185035,1.20397,-1.0
2026-01-28,1.203675,1.20458,1.189585,1.19542,-1.0
2026-01-29,1.195525,1.19966,1.1906,1.197125,-1.0
2026-01-30,1.196665,1.19747,1.18495,1.184995,-1.0
2026-02-02,1.185145,1.187485,1.1776,1.17908,-1.0
2026-02-03,1.1791,1.18291,1.17801,1.18183,-1.0
2026-02-04,1.181675,1.183805,1.17905,1.18072,-1.0
2026-02-05,1.180525,1.18219,1.177495,1.17774,-1.0
2026-02-06,1.177975,1.18262,1.17658,1.18147,-1.0
2026-02-09,1.181375,1.19267,1.180965,1.19123,-1.0
2026-02-10,1.191335,1.191705,1.189665,1.19101,-1.0
