sma_fast,sma_slow,rsi_lower,rsi_upper,momentum_threshold,total_return_pct,sharpe_ratio,max_drawdown_pct,win_rate,profit_factor,num_trades,avg_trade_pnl,final_capital,timeframe
15,40,25,65,0.0,-21.448499999999996,-0.9409296355485115,-23.567193920185133,0.41509433962264153,0.6278655910053286,106,-38.46886792452841,15710.300000000001,4H
15,40,25,65,5e-05,-21.42850000000003,-0.9400351260523987,-23.547415732559394,0.41904761904761906,0.6279802110336257,105,-38.816190476190584,15714.299999999994,4H
15,40,25,65,0.0001,-21.61150000000002,-0.9479860512279489,-23.728386149335247,0.41346153846153844,0.6251514682167283,104,-39.560576923077036,15677.699999999995,4H
15,40,25,70,0.0,-22.06150000000016,-0.9585309123845621,-23.477193455187944,0.4017094017094017,0.6409870857427612,117,-35.71196581196603,15587.699999999968,4H
15,40,25,70,5e-05,-22.041500000000163,-0.9576470759018888,-23.457233674146742,0.4051724137931034,0.641097256000617,116,-36.00258620689676,15591.699999999968,4H
15,40,25,70,0.0001,-22.224500000000152,-0.9655036726810605,-23.639865670673736,0.4,0.638410857368356,115,-36.651304347826304,15555.09999999997,4H
15,40,25,75,0.0,-19.180499999999974,-0.8120176372725919,-20.548095587391362,0.390625,0.7010280007014779,128,-27.969531250000085,16163.900000000005,4H
15,40,25,75,5e-05,-18.34649999999999,-0.77574551817029,-19.715772717973245,0.3937007874015748,0.71279002295796,127,-26.892125984252058,16330.700000000003,4H
15,40,25,75,0.0001,-18.52949999999998,-0.7835432033017785,-19.898404714500234,0.3888888888888889,0.7100389536250369,126,-27.411904761904847,16294.100000000004,4H
15,40,30,65,0.0,-21.941500000000026,-0.9620835180972929,-24.054726245160566,0.39805825242718446,0.6166509317225632,103,-40.60485436893212,15611.699999999995,4H
15,40,30,65,5e-05,-21.921500000000023,-0.9611914326862739,-24.034948057534788,0.4019607843137255,0.6167639967363098,102,-40.983333333333405,15615.699999999995,4H
15,40,30,65,0.0001,-22.104500000000034,-0.9691133084778998,-24.21591847431066,0.39603960396039606,0.6139437418788083,101,-41.771287128712956,15579.099999999993,4H
15,40,30,70,0.0,-22.5545000000001,-0.9794334282697499,-23.96920205785351,0.38596491228070173,0.6304850482287356,114,-37.56929824561422,15489.09999999998,4H
15,40,30,70,5e-05,-22.534500000000097,-0.9785520754254662,-23.94924227681231,0.3893805309734513,0.6305938594825936,113,-37.884070796460364,15493.09999999998,4H
15,40,30,70,0.0001,-22.71750000000009,-0.9863793301852125,-24.131874273339303,0.38392857142857145,0.6279147895149396,112,-38.566964285714484,15456.499999999982,4H
15,40,30,75,0.0,-21.285500000000102,-0.9032678251160466,-22.648862541977998,0.376,0.6685114409093152,125,-32.056800000000116,15742.89999999998,4H
15,40,30,75,5e-05,-20.451500000000078,-0.8673479514082898,-21.816539672559855,0.3790322580645161,0.6799363587898162,124,-30.986290322580764,15909.699999999984,4H
15,40,30,75,0.0001,-20.634500000000074,-0.8750578697233582,-21.999171669086845,0.37398373983739835,0.6772667171166965,123,-31.55203252032532,15873.099999999986,4H
15,40,35,65,0.0,-19.811499999999977,-0.8676498919919321,-22.554151845946276,0.40229885057471265,0.6036182145398231,87,-43.54367816091959,16037.700000000004,4H
15,40,35,65,5e-05,-19.791499999999996,-0.8667581047227806,-22.53452716791367,0.4069767441860465,0.6037445579370393,86,-44.026744186046564,16041.7,4H
15,40,35,65,0.0001,-19.97449999999999,-0.8746842106199129,-22.71409297191219,0.4,0.6005534959009972,85,-44.9988235294118,16005.100000000002,4H
15,40,35,70,0.0,-19.584500000000062,-0.8220158398517642,-22.209766622851664,0.3877551020408163,0.6317544831954385,98,-37.96836734693892,16083.099999999988,4H
15,40,35,70,5e-05,-19.564500000000063,-0.8211576421177945,-22.189925845093175,0.3917525773195876,0.6318795533734546,97,-38.339175257732094,16087.099999999988,4H
15,40,35,70,0.0001,-19.747500000000056,-0.8287902253364889,-22.371468961583336,0.3854166666666667,0.6288045679512371,96,-39.14062500000012,16050.499999999989,4H
15,40,35,75,0.0,-12.881500000000031,-0.5254497284404136,-19.06729839009746,0.4036697247706422,0.7586330419830911,109,-21.63577981651386,17423.699999999993,4H
15,40,35,75,5e-05,-12.047500000000017,-0.4892850958780709,-19.06729839009746,0.4074074074074074,0.7735671814352951,108,-20.310185185185272,17590.499999999996,4H
15,40,35,75,0.0001,-12.23050000000001,-0.49711430295051856,-19.24887753330188,0.40186915887850466,0.7700643832088581,107,-20.86074766355149,17553.899999999998,4H
15,50,25,65,0.0,-3.315500000000066,-0.11983688152101317,-12.104785634346408,0.4342105263157895,0.9328895191575376,76,-6.725000000000338,19336.899999999987,4H
15,50,25,65,5e-05,-1.912500000000091,-0.05244146117239732,-11.843728518816961,0.44594594594594594,0.9686308608119816,74,-3.1689189189193807,19617.49999999998,4H
15,50,25,65,0.0001,-1.912500000000091,-0.05244146117239732,-11.843728518816961,0.44594594594594594,0.9686308608119816,74,-3.1689189189193807,19617.49999999998,4H
15,50,25,70,0.0,-5.699000000000142,-0.230852021188955,-12.448121051664657,0.39325842696629215,0.8879478068386983,89,-10.806741573034117,18860.19999999997,4H
15,50,25,70,5e-05,-4.296000000000167,-0.16438280730248245,-12.006287430735691,0.40229885057471265,0.9188459351904442,87,-7.875862068966032,19140.799999999967,4H
15,50,25,70,0.0001,-4.296000000000167,-0.16438280730248245,-12.006287430735691,0.40229885057471265,0.9188459351904442,87,-7.875862068966032,19140.799999999967,4H
15,50,25,75,0.0,-6.694000000000178,-0.2750548975337553,-11.833448421375772,0.3979591836734694,0.8745912253363435,98,-11.661224489796316,18661.199999999964,4H
15,50,25,75,5e-05,-5.291000000000204,-0.2092509170539899,-11.565028710038185,0.40625,0.90345842203225,96,-9.022916666667157,18941.79999999996,4H
15,50,25,75,0.0001,-5.291000000000204,-0.2092509170539899,-11.565028710038185,0.40625,0.90345842203225,96,-9.022916666667157,18941.79999999996,4H
15,50,30,65,0.0,-2.5015000000000693,-0.08011651277067165,-11.387649683024176,0.4444444444444444,0.9522578051721797,72,-4.948611111111429,19499.699999999986,4H
15,50,30,65,5e-05,-1.0985000000000946,-0.012929590197671575,-11.134976723443565,0.45714285714285713,0.9891160364346444,70,-1.1385714285718787,19780.29999999998,4H
15,50,30,65,0.0001,-1.0985000000000946,-0.012929590197671575,-11.134976723443565,0.45714285714285713,0.9891160364346444,70,-1.1385714285718787,19780.29999999998,4H
15,50,30,70,0.0,-4.8850000000001454,-0.19117459057668001,-11.681184135523633,0.4,0.9042784110453425,85,-9.494117647059223,19022.99999999997,4H
15,50,30,70,5e-05,-3.482000000000171,-0.12491275201038834,-11.263500531627182,0.40963855421686746,0.9360223873395686,83,-6.3903614457836415,19303.599999999966,4H
15,50,30,70,0.0001,-3.482000000000171,-0.12491275201038834,-11.263500531627182,0.40963855421686746,0.9360223873395686,83,-6.3903614457836415,19303.599999999966,4H
15,50,30,75,0.0,-2.120000000000164,-0.05721110495465155,-10.269942605323852,0.4148936170212766,0.9719818119219718,94,-2.5106382978727586,19575.999999999967,4H
15,50,30,75,5e-05,-0.7170000000001892,0.0077878430487858695,-9.089397550296576,0.42391304347826086,1.0049017240546618,92,0.44130434782557304,19856.599999999962,4H
15,50,30,75,0.0001,-0.7170000000001892,0.0077878430487858695,-9.089397550296576,0.42391304347826086,1.0049017240546618,92,0.44130434782557304,19856.599999999962,4H
15,50,35,65,0.0,-2.504000000000051,-0.08457704092859193,-11.4462821327001,0.45,0.939567066590488,60,-6.346666666666951,19499.19999999999,4H
15,50,35,65,5e-05,-2.57200000000008,-0.0877748301874449,-11.344859382203778,0.4482758620689655,0.9366402137438535,58,-6.86896551724181,19485.599999999984,4H
15,50,35,65,0.0001,-2.57200000000008,-0.0877748301874449,-11.344859382203778,0.4482758620689655,0.9366402137438535,58,-6.86896551724181,19485.599999999984,4H
15,50,35,70,0.0,-14.983000000000157,-0.6726120277846132,-22.49071924141102,0.410958904109589,0.6649191273274372,73,-39.049315068493634,17003.39999999997,4H
15,50,35,70,5e-05,-15.051000000000187,-0.6750192095604095,-22.55374961185351,0.4084507042253521,0.6623223725261619,71,-40.39718309859216,16989.799999999963,4H
15,50,35,70,0.0001,-15.051000000000187,-0.6750192095604095,-22.55374961185351,0.4084507042253521,0.6623223725261619,71,-40.39718309859216,16989.799999999963,4H
15,50,35,75,0.0,-6.303000000000194,-0.2508301180090046,-18.01136497606766,0.43902439024390244,0.8611283480022746,82,-13.373170731707848,18739.39999999996,4H
15,50,35,75,5e-05,-6.3710000000002225,-0.2536298003992621,-18.20093843578332,0.4375,0.8586614572762271,80,-13.927500000000645,18725.799999999956,4H
15,50,35,75,0.0001,-6.3710000000002225,-0.2536298003992621,-18.20093843578332,0.4375,0.8586614572762271,80,-13.927500000000645,18725.799999999956,4H
15,60,25,65,0.0,-5.860500000000139,-0.24632122024523462,-17.80926170101685,0.44594594594594594,0.8641705130245606,74,-13.839189189189511,18827.899999999972,4H
15,60,25,65,5e-05,-5.860500000000139,-0.24632122024523462,-17.80926170101685,0.44594594594594594,0.8641705130245606,74,-13.839189189189511,18827.899999999972,4H
15,60,25,65,0.0001,-5.840500000000138,-0.2453339485632474,-17.79156305584814,0.4520547945205479,0.8643998089577555,73,-14.001369863014022,18831.899999999972,4H
15,60,25,70,0.0,3.08649999999996,0.18611783369178225,-8.525362286086251,0.4444444444444444,1.1007416954121003,90,8.858888888888721,20617.299999999992,4H
15,60,25,70,5e-05,3.08649999999996,0.18611783369178225,-8.525362286086251,0.4444444444444444,1.1007416954121003,90,8.858888888888721,20617.299999999992,4H
15,60,25,70,0.0001,3.10649999999996,0.18705730041284466,-8.507281882531643,0.449438202247191,1.1010199309935145,89,8.980898876404323,20621.299999999992,4H
15,60,25,75,0.0,-5.5345000000000075,-0.21703998183283288,-10.768630135005521,0.44329896907216493,0.8973000337495773,97,-9.411340206185638,18893.1,4H
15,60,25,75,5e-05,-5.5345000000000075,-0.21703998183283288,-10.768630135005521,0.44329896907216493,0.8973000337495773,97,-9.411340206185638,18893.1,4H
15,60,25,75,0.0001,-5.514500000000008,-0.21609521916006771,-10.749350517898716,0.4479166666666667,0.8975019691684475,96,-9.48854166666674,18897.1,4H
15,60,30,65,0.0,-3.2415000000001424,-0.11731701696283597,-16.28063961847327,0.44776119402985076,0.9269698819987752,67,-7.676119402985474,19351.69999999997,4H
15,60,30,65,5e-05,-3.2415000000001424,-0.11731701696283597,-16.28063961847327,0.44776119402985076,0.9269698819987752,67,-7.676119402985474,19351.69999999997,4H
15,60,30,65,0.0001,-3.2215000000001415,-0.1163420294723161,-16.26310621734412,0.45454545454545453,0.927233214493697,66,-7.762121212121614,19355.69999999997,4H
15,60,30,70,0.0,15.40849999999993,0.7540294354705661,-6.504262592150282,0.4819277108433735,1.5166478420642324,83,39.128915662650336,23081.699999999986,4H
15,60,30,70,5e-05,15.40849999999993,0.7540294354705661,-6.504262592150282,0.4819277108433735,1.5166478420642324,83,39.128915662650336,23081.699999999986,4H
15,60,30,70,0.0001,15.42849999999993,0.7549268721067174,-6.487788806062396,0.4878048780487805,1.5171305357966887,82,39.63048780487778,23085.699999999986,4H
15,60,30,75,0.0,6.787499999999945,0.35233186021926755,-7.524347872181523,0.4777777777777778,1.2117535257822807,90,17.08333333333316,21357.49999999999,4H
15,60,30,75,5e-05,6.787499999999945,0.35233186021926755,-7.524347872181523,0.4777777777777778,1.2117535257822807,90,17.08333333333316,21357.49999999999,4H
15,60,30,75,0.0001,6.807499999999946,0.35323560044374547,-7.524347872181523,0.48314606741573035,1.2120873973659534,89,17.2977528089886,21361.49999999999,4H
15,60,35,65,0.0,-15.326500000000088,-0.6919790543193908,-21.98689680650578,0.46551724137931033,0.6242116127059342,58,-50.85000000000036,16934.699999999983,4H
15,60,35,65,5e-05,-15.326500000000088,-0.6919790543193908,-21.98689680650578,0.46551724137931033,0.6242116127059342,58,-50.85000000000036,16934.699999999983,4H
15,60,35,65,0.0001,-15.306500000000087,-0.6909960679866434,-21.968191319718866,0.47368421052631576,0.6243707225061472,57,-51.70701754386001,16938.699999999983,4H
15,60,35,70,0.0,5.090499999999938,0.27566792997086426,-10.535401832081098,0.5135135135135135,1.1701143724105707,74,15.758108108107837,21018.099999999988,4H
15,60,35,70,5e-05,5.090499999999938,0.27566792997086426,-10.535401832081098,0.5135135135135135,1.1701143724105707,74,15.758108108107837,21018.099999999988,4H
15,60,35,70,0.0001,5.110499999999938,0.27657997993710653,-10.535401832081098,0.5205479452054794,1.1704558720522968,73,16.00136986301343,21022.099999999988,4H
15,60,35,75,0.0,-0.60350000000004,0.01471491963610955,-12.724510941041197,0.5061728395061729,1.0054797792166417,81,0.5098765432097006,19879.299999999992,4H
15,60,35,75,5e-05,-0.60350000000004,0.01471491963610955,-12.724510941041197,0.5061728395061729,1.0054797792166417,81,0.5098765432097006,19879.299999999992,4H
15,60,35,75,0.0001,-0.58350000000004,0.015625273471341093,-12.724510941041197,0.5125,1.0057466687901453,80,0.541249999999826,19883.299999999992,4H
15,70,25,65,0.0,8.151999999999953,0.42716474992185405,-11.645427142534325,0.5370370370370371,1.3176262081818355,54,32.19259259259258,21630.39999999999,4H
15,70,25,65,5e-05,8.151999999999953,0.42716474992185405,-11.645427142534325,0.5370370370370371,1.3176262081818355,54,32.19259259259258,21630.39999999999,4H
15,70,25,65,0.0001,8.151999999999953,0.42716474992185405,-11.645427142534325,0.5370370370370371,1.3176262081818355,54,32.19259259259258,21630.39999999999,4H
15,70,25,70,0.0,8.066000000000004,0.411251027852726,-8.627834642398936,0.46875,1.2955143327506324,64,27.20624999999996,21613.2,4H
15,70,25,70,5e-05,8.066000000000004,0.411251027852726,-8.627834642398936,0.46875,1.2955143327506324,64,27.20624999999996,21613.2,4H
15,70,25,70,0.0001,8.066000000000004,0.411251027852726,-8.627834642398936,0.46875,1.2955143327506324,64,27.20624999999996,21613.2,4H
15,70,25,75,0.0,8.612999999999992,0.43759599900292273,-7.475407408778452,0.4246575342465753,1.292361610914667,73,25.597260273972598,21722.6,4H
15,70,25,75,5e-05,8.612999999999992,0.43759599900292273,-7.475407408778452,0.4246575342465753,1.292361610914667,73,25.597260273972598,21722.6,4H
15,70,25,75,0.0001,8.612999999999992,0.43759599900292273,-7.475407408778452,0.4246575342465753,1.292361610914667,73,25.597260273972598,21722.6,4H
15,70,30,65,0.0,8.211999999999954,0.4299710772646336,-11.62639020917612,0.5294117647058824,1.329399323979833,51,34.203921568627436,21642.39999999999,4H
15,70,30,65,5e-05,8.211999999999954,0.4299710772646336,-11.62639020917612,0.5294117647058824,1.329399323979833,51,34.203921568627436,21642.39999999999,4H
15,70,30,65,0.0001,8.211999999999954,0.4299710772646336,-11.62639020917612,0.5294117647058824,1.329399323979833,51,34.203921568627436,21642.39999999999,4H
15,70,30,70,0.0,11.411999999999988,0.5622376394515598,-6.9868108946255685,0.4918032786885246,1.4596444274517302,61,39.416393442622876,22282.399999999998,4H
15,70,30,70,5e-05,11.411999999999988,0.5622376394515598,-6.9868108946255685,0.4918032786885246,1.4596444274517302,61,39.416393442622876,22282.399999999998,4H
15,70,30,70,0.0001,11.411999999999988,0.5622376394515598,-6.9868108946255685,0.4918032786885246,1.4596444274517302,61,39.416393442622876,22282.399999999998,4H
15,70,30,75,0.0,16.097999999999974,0.7746669612396987,-5.848548505011126,0.4714285714285714,1.6360108286163222,70,47.99428571428563,23219.599999999995,4H
15,70,30,75,5e-05,16.097999999999974,0.7746669612396987,-5.848548505011126,0.4714285714285714,1.6360108286163222,70,47.99428571428563,23219.599999999995,4H
15,70,30,75,0.0001,16.097999999999974,0.7746669612396987,-5.848548505011126,0.4714285714285714,1.6360108286163222,70,47.99428571428563,23219.599999999995,4H
15,70,35,65,0.0,-4.012999999999974,-0.14772052200420982,-16.403459425837717,0.43902439024390244,0.8582862986489419,41,-17.57560975609734,19197.400000000005,4H
15,70,35,65,5e-05,-4.012999999999974,-0.14772052200420982,-16.403459425837717,0.43902439024390244,0.8582862986489419,41,-17.57560975609734,19197.400000000005,4H
15,70,35,65,0.0001,-4.012999999999974,-0.14772052200420982,-16.403459425837717,0.43902439024390244,0.8582862986489419,41,-17.57560975609734,19197.400000000005,4H
15,70,35,70,0.0,0.5539999999999055,0.06784108995267762,-14.580137006381289,0.43137254901960786,1.0368816943394907,51,4.1725490196077075,20110.79999999998,4H
15,70,35,70,5e-05,0.5539999999999055,0.06784108995267762,-14.580137006381289,0.43137254901960786,1.0368816943394907,51,4.1725490196077075,20110.79999999998,4H
15,70,35,70,0.0001,0.5539999999999055,0.06784108995267762,-14.580137006381289,0.43137254901960786,1.0368816943394907,51,4.1725490196077075,20110.79999999998,4H
15,70,35,75,0.0,5.239999999999891,0.27324557338957656,-12.744902960917523,0.4166666666666667,1.2006493618044685,60,19.466666666666526,21047.999999999978,4H
15,70,35,75,5e-05,5.239999999999891,0.27324557338957656,-12.744902960917523,0.4166666666666667,1.2006493618044685,60,19.466666666666526,21047.999999999978,4H
15,70,35,75,0.0001,5.239999999999891,0.27324557338957656,-12.744902960917523,0.4166666666666667,1.2006493618044685,60,19.466666666666526,21047.999999999978,4H
20,40,25,65,0.0,-17.558500000000095,-0.7916362758623,-18.90676975636078,0.4186046511627907,0.6753633049817731,86,-38.8337209302327,16488.29999999998,4H
20,40,25,65,5e-05,-17.558500000000095,-0.7916362758623,-18.90676975636078,0.4186046511627907,0.6753633049817731,86,-38.8337209302327,16488.29999999998,4H
20,40,25,65,0.0001,-17.690500000000064,-0.7976985100695685,-19.03862866732602,0.4117647058823529,0.673085695982606,85,-39.62470588235304,16461.899999999987,4H
20,40,25,70,0.0,-14.344000000000069,-0.630774233102395,-16.885305616940755,0.42424242424242425,0.7424468895553472,99,-26.977777777777867,17131.199999999986,4H
20,40,25,70,5e-05,-14.344000000000069,-0.630774233102395,-16.885305616940755,0.42424242424242425,0.7424468895553472,99,-26.977777777777867,17131.199999999986,4H
20,40,25,70,0.0001,-14.476000000000038,-0.6367878290913426,-17.013526311955175,0.41836734693877553,0.7400891662092804,98,-27.542857142857173,17104.799999999992,4H
20,40,25,75,0.0,-14.01800000000012,-0.6031046223168429,-16.568961400328476,0.42592592592592593,0.7541799665602669,108,-23.95925925925937,17196.399999999976,4H
20,40,25,75,5e-05,-14.01800000000012,-0.6031046223168429,-16.568961400328476,0.42592592592592593,0.7541799665602669,108,-23.95925925925937,17196.399999999976,4H
20,40,25,75,0.0001,-14.150000000000091,-0.6089903487079441,-16.69761072857429,0.4205607476635514,0.7518403278439704,107,-24.448598130841184,17169.99999999998,4H
20,40,30,65,0.0,-17.535500000000102,-0.7902258465793395,-18.883794340056234,0.4,0.657094559983607,80,-41.8387500000002,16492.89999999998,4H
20,40,30,65,5e-05,-17.535500000000102,-0.7902258465793395,-18.883794340056234,0.4,0.657094559983607,80,-41.8387500000002,16492.89999999998,4H
20,40,30,65,0.0001,-17.66750000000007,-0.7962858162230214,-19.015653251021472,0.3924050632911392,0.6547226938892405,79,-42.72784810126596,16466.499999999985,4H
20,40,30,70,0.0,-12.77700000000008,-0.5578888503627496,-15.363170548094995,0.41935483870967744,0.7550045495905361,93,-25.47741935483885,17444.599999999984,4H
20,40,30,70,5e-05,-12.77700000000008,-0.5578888503627496,-15.363170548094995,0.41935483870967744,0.7550045495905361,93,-25.47741935483885,17444.599999999984,4H
20,40,30,70,0.0001,-12.90900000000005,-0.5639315974370216,-15.491391243109415,0.41304347826086957,0.7524570531879746,92,-26.063043478260965,17418.19999999999,4H
20,40,30,75,0.0,-14.02600000000013,-0.6036888394564797,-17.125467206604036,0.4215686274509804,0.7394944517886458,102,-25.50196078431392,17194.799999999974,4H
20,40,30,75,5e-05,-14.02600000000013,-0.6036888394564797,-17.125467206604036,0.4215686274509804,0.7394944517886458,102,-25.50196078431392,17194.799999999974,4H
20,40,30,75,0.0001,-14.1580000000001,-0.6095757421501742,-17.254116534849846,0.4158415841584158,0.7370505179792799,101,-26.035643564356583,17168.39999999998,4H
20,40,35,65,0.0,-14.464000000000052,-0.6711646434216904,-17.367574512323166,0.4057971014492754,0.6726010791281393,69,-39.924637681159645,17107.19999999999,4H
20,40,35,65,5e-05,-14.464000000000052,-0.6711646434216904,-17.367574512323166,0.4057971014492754,0.6726010791281393,69,-39.924637681159645,17107.19999999999,4H
20,40,35,65,0.0001,-14.596000000000023,-0.677444698183544,-17.497033237546994,0.39705882352941174,0.6698222886563686,68,-40.92941176470601,17080.799999999996,4H
20,40,35,70,0.0,-11.184000000000086,-0.47808360922677395,-18.065354887382213,0.4146341463414634,0.760886868849999,82,-25.278048780488014,17763.199999999983,4H
20,40,35,70,5e-05,-11.184000000000086,-0.47808360922677395,-18.065354887382213,0.4146341463414634,0.760886868849999,82,-25.278048780488014,17763.199999999983,4H
20,40,35,70,0.0001,-11.316000000000058,-0.48406109279240883,-18.19061763073116,0.4074074074074074,0.7580349842812552,81,-25.94074074074089,17736.79999999999,4H
20,40,35,75,0.0,-8.25900000000014,-0.33681767815986574,-16.870010615458597,0.4175824175824176,0.8284006397907813,91,-16.15164835164863,18348.19999999997,4H
20,40,35,75,5e-05,-8.25900000000014,-0.33681767815986574,-16.870010615458597,0.4175824175824176,0.8284006397907813,91,-16.15164835164863,18348.19999999997,4H
20,40,35,75,0.0001,-8.391000000000112,-0.34274962067721315,-16.995682412136837,0.4111111111111111,0.8253947905133713,90,-16.646666666666892,18321.799999999977,4H
20,50,25,65,0.0,-13.897500000000019,-0.6201821705429245,-20.165050507902013,0.4166666666666667,0.6953073517000583,72,-36.60416666666683,17220.499999999996,4H
20,50,25,65,5e-05,-13.897500000000019,-0.6201821705429245,-20.165050507902013,0.4166666666666667,0.6953073517000583,72,-36.60416666666683,17220.499999999996,4H
20,50,25,65,0.0001,-13.877500000000017,-0.6192053325957306,-20.146230609623565,0.4225352112676056,0.6954681591637076,71,-37.091549295774804,17224.499999999996,4H
20,50,25,70,0.0,-18.19250000000008,-0.8162089615118956,-22.055374199008696,0.3875,0.6251010400387987,80,-43.48125000000014,16361.499999999984,4H
20,50,25,70,5e-05,-18.19250000000008,-0.8162089615118956,-22.055374199008696,0.3875,0.6251010400387987,80,-43.48125000000014,16361.499999999984,4H
20,50,25,70,0.0001,-15.962500000000073,-0.7051351146675295,-19.89844033369615,0.3924050632911392,0.6648997846612549,79,-38.41139240506343,16807.499999999985,4H
20,50,25,75,0.0,-9.925499999999992,-0.42777982251062663,-15.746535172504226,0.4157303370786517,0.8038319583152418,89,-20.30449438202238,18014.9,4H
20,50,25,75,5e-05,-9.925499999999992,-0.42777982251062663,-15.746535172504226,0.4157303370786517,0.8038319583152418,89,-20.30449438202238,18014.9,4H
20,50,25,75,0.0001,-7.695499999999993,-0.3195947796584031,-15.669304975028867,0.42045454545454547,0.8483591055734796,88,-15.489772727272639,18460.9,4H
20,50,30,65,0.0,-16.496500000000033,-0.7391897546629748,-22.61069628918658,0.4117647058823529,0.6419540685236949,68,-46.519117647059005,16700.699999999993,4H
20,50,30,65,5e-05,-16.496500000000033,-0.7391897546629748,-22.61069628918658,0.4117647058823529,0.6419540685236949,68,-46.519117647059005,16700.699999999993,4H
20,50,30,65,0.0001,-16.476500000000033,-0.7382135951102765,-22.59187639090813,0.417910447761194,0.642099423745315,67,-47.18358208955242,16704.699999999993,4H
20,50,30,70,0.0,-20.791500000000088,-0.9325507260365861,-24.569217748760835,0.3815789473684211,0.5766666314443604,76,-52.714473684210695,15841.699999999983,4H
20,50,30,70,5e-05,-20.791500000000088,-0.9325507260365861,-24.569217748760835,0.3815789473684211,0.5766666314443604,76,-52.714473684210695,15841.699999999983,4H
20,50,30,70,0.0001,-18.5615000000001,-0.8211346529790503,-22.412283883448318,0.38666666666666666,0.6144989015983631,75,-47.4973333333335,16287.69999999998,4H
20,50,30,75,0.0,-12.126500000000052,-0.5282409638968033,-17.806943228784032,0.4235294117647059,0.7568121286621587,85,-26.532941176470644,17574.69999999999,4H
20,50,30,75,5e-05,-12.126500000000052,-0.5282409638968033,-17.806943228784032,0.4235294117647059,0.7568121286621587,85,-26.532941176470644,17574.69999999999,4H
20,50,30,75,0.0001,-9.896500000000051,-0.41985093859615136,-17.729713031308673,0.42857142857142855,0.799876255400015,84,-21.5630952380953,18020.69999999999,4H
20,50,35,65,0.0,-28.64350000000005,-1.2696262254307729,-31.28581161558486,0.3793103448275862,0.408142820988695,58,-96.7706896551727,14271.29999999999,4H
20,50,35,65,5e-05,-28.64350000000005,-1.2696262254307729,-31.28581161558486,0.3793103448275862,0.408142820988695,58,-96.7706896551727,14271.29999999999,4H
20,50,35,65,0.0001,-28.623500000000053,-1.2686642963427608,-31.266205598498214,0.38596491228070173,0.40822891617094803,57,-98.43333333333364,14275.29999999999,4H
20,50,35,70,0.0,-23.896500000000042,-1.035308078810847,-25.44814643349616,0.36363636363636365,0.4909300032862295,66,-70.41363636363661,15220.699999999992,4H
20,50,35,70,5e-05,-23.896500000000042,-1.035308078810847,-25.44814643349616,0.36363636363636365,0.4909300032862295,66,-70.41363636363661,15220.699999999992,4H
20,50,35,70,0.0001,-21.666500000000042,-0.9265991357905417,-23.736702458645098,0.36923076923076925,0.5280372782393878,65,-64.6661538461541,15666.699999999992,4H
20,50,35,75,0.0,-22.88149999999999,-0.9817770404078623,-24.220566200225985,0.41333333333333333,0.5438779085344484,75,-59.01733333333342,15423.700000000003,4H
20,50,35,75,5e-05,-22.88149999999999,-0.9817770404078623,-24.220566200225985,0.41333333333333333,0.5438779085344484,75,-59.01733333333342,15423.700000000003,4H
20,50,35,75,0.0001,-20.651499999999988,-0.8743581185405112,-24.220566200225985,0.4189189189189189,0.5799793275112848,74,-53.814864864864944,15869.700000000003,4H
20,60,25,65,0.0,0.9514999999999418,0.08537967195134459,-12.28976377952757,0.453125,1.04932207329356,64,4.973437499999822,20190.29999999999,4H
20,60,25,65,5e-05,0.9514999999999418,0.08537967195134459,-12.28976377952757,0.453125,1.04932207329356,64,4.973437499999822,20190.29999999999,4H
20,60,25,65,0.0001,2.0284999999999855,0.1362579614310555,-12.171797294165886,0.47619047619047616,1.0843834312013962,63,8.43968253968249,20405.699999999997,4H
20,60,25,70,0.0,-0.8305000000000291,0.001634799938070702,-12.53096728020113,0.5,0.9973324294051753,74,-0.24459459459467672,19833.899999999994,4H
20,60,25,70,5e-05,-0.8305000000000291,0.001634799938070702,-12.53096728020113,0.5,0.9973324294051753,74,-0.24459459459467672,19833.899999999994,4H
20,60,25,70,0.0001,0.24650000000001454,0.052179062963298,-12.408347946176281,0.5205479452054794,1.029445022389073,73,2.675342465753458,20049.300000000003,4H
20,60,25,75,0.0,-0.6515000000000691,0.009853867632157527,-8.973218049479643,0.47619047619047616,1.0049858491813675,84,0.4488095238094347,19869.699999999986,4H
20,60,25,75,5e-05,-0.6515000000000691,0.009853867632157527,-8.973218049479643,0.47619047619047616,1.0049858491813675,84,0.4488095238094347,19869.699999999986,4H
20,60,25,75,0.0001,0.4254999999999745,0.060551369920467,-8.883592387876996,0.4939759036144578,1.0338916708283281,83,3.02530120481929,20085.099999999995,4H
20,60,30,65,0.0,0.4104999999999564,0.05993030971457404,-12.34988786804602,0.4482758620689655,1.0316418291884282,58,3.415517241379193,20082.09999999999,4H
20,60,30,65,5e-05,0.4104999999999564,0.05993030971457404,-12.34988786804602,0.4482758620689655,1.0316418291884282,58,3.415517241379193,20082.09999999999,4H
20,60,30,65,0.0001,1.4874999999999998,0.11065763245346312,-12.23076991966757,0.47368421052631576,1.0673684555188112,57,7.219298245614059,20297.5,4H
20,60,30,70,0.0,-2.427500000000036,-0.0731124167843572,-12.717317416122697,0.4852941176470588,0.9491310802549986,68,-5.139705882353068,19514.499999999993,4H
20,60,30,70,5e-05,-2.427500000000036,-0.0731124167843572,-12.717317416122697,0.4852941176470588,0.9491310802549986,68,-5.139705882353068,19514.499999999993,4H
20,60,30,70,0.0001,-1.3504999999999927,-0.02286571995570599,-12.591042354286133,0.5074626865671642,0.9797412959021152,67,-2.0313432835820953,19729.9,4H
20,60,30,75,0.0,-2.575500000000084,-0.08042430562308397,-10.361994569846154,0.44871794871794873,0.9530815161294522,78,-4.603846153846305,19484.899999999983,4H
20,60,30,75,5e-05,-2.575500000000084,-0.08042430562308397,-10.361994569846154,0.44871794871794873,0.9530815161294522,78,-4.603846153846305,19484.899999999983,4H
20,60,30,75,0.0001,-1.4985000000000401,-0.03008684151743209,-10.258022741776925,0.4675324675324675,0.9805764411027565,77,-1.8922077922078293,19700.299999999992,4H
20,60,35,65,0.0,-3.7385000000000215,-0.13096491858345058,-12.93084647405201,0.42,0.8898075843413459,50,-12.954000000000079,19252.299999999996,4H
20,60,35,65,5e-05,-3.7385000000000215,-0.13096491858345058,-12.93084647405201,0.42,0.8898075843413459,50,-12.954000000000079,19252.299999999996,4H
20,60,35,65,0.0001,-2.661499999999978,-0.08176820456465997,-12.800127653982601,0.4489795918367347,0.9241450379012828,49,-8.863265306122367,19467.700000000004,4H
20,60,35,70,0.0,-7.728500000000022,-0.3164153687334354,-14.8981914759074,0.48333333333333334,0.7825616154221569,60,-23.76166666666676,18454.299999999996,4H
20,60,35,70,5e-05,-7.728500000000022,-0.3164153687334354,-14.8981914759074,0.48333333333333334,0.7825616154221569,60,-23.76166666666676,18454.299999999996,4H
20,60,35,70,0.0001,-6.651499999999978,-0.26759392387725633,-14.743713174413648,0.5084745762711864,0.8107053073716106,59,-20.547457627118593,18669.700000000004,4H
20,60,35,75,0.0,-7.634500000000098,-0.30995968293203396,-13.931046456111925,0.45714285714285713,0.8191338141130128,70,-19.812857142857297,18473.09999999998,4H
20,60,35,75,5e-05,-7.634500000000098,-0.30995968293203396,-13.931046456111925,0.45714285714285713,0.8191338141130128,70,-19.812857142857297,18473.09999999998,4H
20,60,35,75,0.0001,-6.557500000000055,-0.2614412807624056,-13.787820209917376,0.4782608695652174,0.8438581084677205,69,-17.007246376811633,18688.49999999999,4H
20,70,25,65,0.0,15.232500000000018,0.7437141397858215,-7.239494970370081,0.5384615384615384,1.705599104143337,52,60.58653846153846,23046.500000000004,4H
20,70,25,65,5e-05,15.232500000000018,0.7437141397858215,-7.239494970370081,0.5384615384615384,1.705599104143337,52,60.58653846153846,23046.500000000004,4H
20,70,25,65,0.0001,14.15550000000001,0.6958464941064831,-7.239494970370081,0.5294117647058824,1.6569092945128783,51,57.511764705882385,22831.100000000002,4H
20,70,25,70,0.0,18.11449999999999,0.8793118400162575,-6.760980063382815,0.5614035087719298,1.8899076014478946,57,65.559649122807,23622.899999999998,4H
20,70,25,70,5e-05,18.11449999999999,0.8793118400162575,-6.760980063382815,0.5614035087719298,1.8899076014478946,57,65.559649122807,23622.899999999998,4H
20,70,25,70,0.0001,17.03749999999998,0.8315986035051578,-6.760980063382815,0.5535714285714286,1.8381358353972188,56,62.84821428571431,23407.499999999996,4H
20,70,25,75,0.0,11.704500000000044,0.5862519264650643,-5.2448892582910664,0.4393939393939394,1.4624836356835629,66,37.46818181818194,22340.90000000001,4H
20,70,25,75,5e-05,11.704500000000044,0.5862519264650643,-5.2448892582910664,0.4393939393939394,1.4624836356835629,66,37.46818181818194,22340.90000000001,4H
20,70,25,75,0.0001,12.656500000000015,0.628863055519252,-5.05962434579801,0.4461538461538462,1.5067405460984815,65,40.94307692307697,22531.300000000003,4H
20,70,30,65,0.0,13.223500000000058,0.6503356366453722,-7.239494970370081,0.5,1.6030541069817608,48,57.09791666666683,22644.70000000001,4H
20,70,30,65,5e-05,13.223500000000058,0.6503356366453722,-7.239494970370081,0.5,1.6030541069817608,48,57.09791666666683,22644.70000000001,4H
20,70,30,65,0.0001,12.146500000000051,0.6022662158432937,-7.239494970370081,0.48936170212765956,1.5552181662155942,47,53.687234042553406,22429.30000000001,4H
20,70,30,70,0.0,16.105500000000028,0.7853683424430956,-6.882361351897193,0.5283018867924528,1.7775596531818945,53,62.775471698113314,23221.100000000006,4H
20,70,30,70,5e-05,16.105500000000028,0.7853683424430956,-6.882361351897193,0.5283018867924528,1.7775596531818945,53,62.775471698113314,23221.100000000006,4H
20,70,30,70,0.0001,15.028500000000022,0.7374666206556039,-6.882361351897193,0.5192307692307693,1.7267522026689126,52,59.80192307692323,23005.700000000004,4H
20,70,30,75,0.0,10.616500000000014,0.5346192210676807,-5.791908963071908,0.41935483870967744,1.411457761177635,62,36.24677419354846,22123.300000000003,4H
20,70,30,75,5e-05,10.616500000000014,0.5346192210676807,-5.791908963071908,0.41935483870967744,1.411457761177635,62,36.24677419354846,22123.300000000003,4H
20,70,30,75,0.0001,11.568499999999986,0.5772922977604598,-5.791908963071908,0.4262295081967213,1.453862780904111,61,39.92950819672132,22313.699999999997,4H
20,70,35,65,0.0,29.304500000000044,1.362797459147112,-7.239494970370081,0.55,3.2700317144931437,40,148.5225000000001,25860.90000000001,4H
20,70,35,65,5e-05,29.304500000000044,1.362797459147112,-7.239494970370081,0.55,3.2700317144931437,40,148.5225000000001,25860.90000000001,4H
20,70,35,65,0.0001,28.22750000000004,1.3177658115423512,-7.239494970370081,0.5384615384615384,3.1869626686026553,39,146.7564102564104,25645.500000000007,4H
20,70,35,70,0.0,30.229500000000044,1.4203135415135018,-4.037883459226112,0.5555555555555556,3.412953714263248,45,136.35333333333344,26045.90000000001,4H
20,70,35,70,5e-05,30.229500000000044,1.4203135415135018,-4.037883459226112,0.5555555555555556,3.412953714263248,45,136.35333333333344,26045.90000000001,4H
20,70,35,70,0.0001,29.152500000000035,1.3748124672710502,-4.037883459226112,0.5454545454545454,3.3274607731330432,44,134.51136363636382,25830.500000000007,4H
20,70,35,75,0.0,14.888500000000004,0.7240209065772201,-5.548635169246527,0.42592592592592593,1.654998938654214,54,57.14259259259262,22977.7,4H
20,70,35,75,5e-05,14.888500000000004,0.7240209065772201,-5.548635169246527,0.42592592592592593,1.654998938654214,54,57.14259259259262,22977.7,4H
20,70,35,75,0.0001,15.840499999999974,0.7654972358332089,-5.548635169246527,0.4339622641509434,1.7093244941288612,53,61.77547169811315,23168.099999999995,4H
25,40,25,65,0.0,-7.672500000000036,-0.33011189264057483,-17.73919641566706,0.43037974683544306,0.846643196149647,79,-17.424050632911424,18465.499999999993,4H
25,40,25,65,5e-05,-5.0335000000000765,-0.2032222281216395,-15.355362046538609,0.42857142857142855,0.902144849034301,77,-11.074025974026073,18993.299999999985,4H
25,40,25,65,0.0001,-3.805500000000084,-0.14441271316058923,-14.246097701980155,0.4473684210526316,0.928535392052187,76,-8.014473684210609,19238.899999999983,4H
25,40,25,70,0.0,-9.670500000000084,-0.4146661765929548,-15.721863705557743,0.4666666666666667,0.8161956555908321,90,-19.490000000000162,18065.899999999983,4H
25,40,25,70,5e-05,-7.031500000000124,-0.2909835822361482,-13.257282142757179,0.4659090909090909,0.867444566552458,88,-13.980681818182035,18593.699999999975,4H
25,40,25,70,0.0001,-5.803500000000131,-0.23380658661292708,-12.110443886175473,0.4827586206896552,0.8914593096165255,87,-11.341379310345035,18839.299999999974,4H
25,40,25,75,0.0,-8.478500000000112,-0.3600415428327865,-14.565138197408952,0.4842105263157895,0.8405299780764448,95,-15.849473684210706,18304.299999999977,4H
25,40,25,75,5e-05,-5.839500000000153,-0.23580168841441512,-12.100096210430092,0.4838709677419355,0.893039215686272,93,-10.558064516129283,18832.09999999997,4H
25,40,25,75,0.0001,-4.61150000000016,-0.1782816546544319,-10.953043705689632,0.5,0.9178681083967409,92,-8.025000000000228,19077.699999999968,4H
25,40,30,65,0.0,2.0334999999999495,0.13615962454290634,-12.627818326347692,0.4444444444444444,1.0719916334400943,72,7.648611111111096,20406.69999999999,4H
25,40,30,65,5e-05,4.67249999999991,0.26019822811660426,-11.918720190779016,0.44285714285714284,1.1454464237370718,70,15.349999999999913,20934.49999999998,4H
25,40,30,65,0.0001,8.330499999999939,0.43387044974738437,-8.882875062762288,0.463768115942029,1.2594408812447868,69,26.146376811594198,21666.099999999988,4H
25,40,30,70,0.0,0.03549999999990177,0.043300262768112684,-13.943704063430934,0.4819277108433735,1.0210660825118638,83,2.0855421686745537,20007.09999999998,4H
25,40,30,70,5e-05,2.6744999999998615,0.1643647124540665,-13.634580722283953,0.48148148148148145,1.0876041784515573,81,8.603703703703486,20534.899999999972,4H
25,40,30,70,0.0001,6.332499999999891,0.33376627084506066,-10.218347544290522,0.5,1.1896613617326777,80,17.831249999999848,21266.499999999978,4H
25,40,30,75,0.0,1.2274999999998726,0.09798990799036042,-12.66194643974701,0.5,1.0519370102025707,88,4.789772727272546,20245.499999999975,4H
25,40,30,75,5e-05,3.8664999999998324,0.2195222811819379,-12.334083712414873,0.5,1.1203636502540175,86,10.991860465116035,20773.299999999967,4H
25,40,30,75,0.0001,7.524499999999862,0.38972800554600745,-8.91721232614398,0.5176470588235295,1.2257308049973696,85,19.704705882352762,21504.899999999972,4H
25,40,35,65,0.0,-6.417499999999963,-0.25052669044922277,-21.537297736120554,0.4642857142857143,0.8184255800616884,56,-20.91964285714269,18716.500000000007,4H
25,40,35,65,5e-05,-1.5254999999999381,-0.028275253602855977,-17.024299341316198,0.48148148148148145,0.9667150770062171,54,-3.6499999999997113,19694.900000000012,4H
25,40,35,65,0.0001,2.132500000000091,0.1398493645378667,-13.649698333917511,0.5094339622641509,1.097033419585266,53,10.047169811321165,20426.50000000002,4H
25,40,35,70,0.0,-1.7604999999999926,-0.035982654173292224,-21.193301541532612,0.5074626865671642,0.9677805353660691,67,-3.255223880597091,19647.9,4H
25,40,35,70,5e-05,2.657500000000036,0.16199634643211167,-17.110273187682452,0.5230769230769231,1.1052288309498435,65,10.176923076923119,20531.500000000007,4H
25,40,35,70,0.0001,6.315500000000066,0.3284164316703073,-13.729621825440736,0.546875,1.237693293464333,64,21.73593750000013,21263.100000000013,4H
25,40,35,75,0.0,-0.5125000000000364,0.01955026595278211,-19.92623678177916,0.5138888888888888,1.0061083308801877,72,0.5763888888888099,19897.499999999993,4H
25,40,35,75,5e-05,3.905499999999993,0.21861263079590176,-15.842453597574446,0.5285714285714286,1.1459492006147902,70,13.158571428571452,20781.1,4H
25,40,35,75,0.0001,7.563500000000022,0.3859719799381664,-12.461177253567914,0.5507246376811594,1.2808602589624503,69,23.923188405797205,21512.700000000004,4H
25,50,25,65,0.0,-6.930499999999992,-0.29800042855848546,-16.8511239516728,0.46153846153846156,0.831660345497675,65,-19.324615384615402,18613.9,4H
25,50,25,65,5e-05,-6.910499999999993,-0.2970346113840005,-16.848072151692417,0.453125,0.8319283809319593,64,-19.59531250000002,18617.9,4H
25,50,25,65,0.0001,-5.2725,-0.21718279648094121,-16.60182739667357,0.46774193548387094,0.871586094588813,62,-15.008064516129084,18945.5,4H
25,50,25,70,0.0,1.261499999999942,0.10067475575558248,-12.736228822729915,0.4868421052631579,1.0566205032933602,76,5.293421052631385,20252.29999999999,4H
25,50,25,70,5e-05,1.2814999999999417,0.10164849526126524,-12.734024045078035,0.48,1.0569019872769216,75,5.390666666666476,20256.29999999999,4H
25,50,25,70,0.0001,2.9194999999999345,0.18128203250445074,-12.556007885910342,0.4931506849315068,1.1056519972131882,73,9.971232876712097,20583.899999999987,4H
25,50,25,75,0.0,-6.863500000000094,-0.293681292703495,-15.888648062855667,0.4457831325301205,0.855594848390717,83,-14.56265060240992,18627.29999999998,4H
25,50,25,75,5e-05,-6.843500000000094,-0.2927175947124015,-15.885778781038445,0.43902439024390244,0.8558337913072542,82,-14.715853658536865,18631.29999999998,4H
25,50,25,75,0.0001,-5.205500000000102,-0.2130644838765414,-15.654251343559883,0.45,0.8917052951708212,80,-11.03875000000032,18958.89999999998,4H
25,50,30,65,0.0,-6.948500000000039,-0.29897077244564957,-16.853871517083963,0.4603174603174603,0.8300839025439677,63,-20.05873015873025,18610.299999999992,4H
25,50,30,65,5e-05,-6.9285000000000405,-0.2980047352450507,-16.85081872192437,0.45161290322580644,0.830352820954122,62,-20.3500000000001,18614.299999999992,4H
25,50,30,65,0.0001,-5.290500000000047,-0.21813416624000187,-16.604494261695265,0.4666666666666667,0.8700980392156855,60,-15.635000000000135,18941.89999999999,4H
25,50,30,70,0.0,1.2434999999998946,0.09980377814825582,-12.738213775488127,0.4864864864864865,1.0557430762495204,74,5.333783783783521,20248.69999999998,4H
25,50,30,70,5e-05,1.2634999999998946,0.10077774465128334,-12.736008310609023,0.4794520547945205,1.0560255341985934,73,5.434246575342192,20252.69999999998,4H
25,50,30,70,0.0001,2.901499999999887,0.1804320096427601,-12.557937056669493,0.49295774647887325,1.104921996766249,71,10.145070422534904,20580.299999999977,4H
25,50,30,75,0.0,-6.881500000000142,-0.29465205635545405,-15.891231302839879,0.4444444444444444,0.8542602777478194,81,-15.016049382716394,18623.69999999997,4H
25,50,30,75,5e-05,-6.8615000000001425,-0.29368812630716995,-15.888361088032447,0.4375,0.8544999221155777,80,-15.178750000000349,18627.69999999997,4H
25,50,30,75,0.0001,-5.223500000000149,-0.2140153567694166,-15.656758921420385,0.44871794871794873,0.8904441519784472,78,-11.419230769231161,18955.29999999997,4H
25,50,35,65,0.0,-3.7115000000000506,-0.13363810360429215,-12.140513954801479,0.4423076923076923,0.8965008431703182,52,-12.275000000000265,19257.69999999999,4H
25,50,35,65,5e-05,-3.691500000000051,-0.132704363096815,-12.121848445396397,0.43137254901960786,0.8940418304136393,51,-12.47647058823557,19261.69999999999,4H
25,50,35,65,0.0001,1.7214999999999234,0.1215239347496703,-9.025376304789761,0.4489795918367347,1.0817242844736756,49,9.02653061224453,20344.299999999985,4H
25,50,35,70,0.0,7.780499999999901,0.3996712691548003,-9.207759139240288,0.49206349206349204,1.3027916448897883,63,26.668253968253563,21556.09999999998,4H
25,50,35,70,5e-05,7.800499999999902,0.400600173319636,-9.189668350617586,0.4838709677419355,1.3122691072456174,62,27.130645161289916,21560.09999999998,4H
25,50,35,70,0.0001,13.213499999999875,0.6497958156839791,-7.633684412687755,0.5,1.575913718291046,60,46.011666666666194,22642.699999999975,4H
25,50,35,75,0.0,-4.8355000000001205,-0.17829699106112126,-13.75657081198768,0.44285714285714284,0.8918358294630243,70,-11.84428571428613,19032.899999999976,4H
25,50,35,75,5e-05,-4.81550000000012,-0.1773950461702394,-13.73747308413985,0.43478260869565216,0.8897670327326974,69,-11.986956521739552,19036.899999999976,4H
25,50,35,75,0.0001,-4.77550000000012,-0.17559477989171285,-13.715755958546788,0.44776119402985076,0.889478207159542,67,-12.2850746268661,19044.899999999976,4H
25,60,25,65,0.0,19.599000000000014,0.9681652793872486,-6.626673864210233,0.6,1.9913469145569636,45,89.10666666666664,23919.800000000003,4H
25,60,25,65,5e-05,9.981000000000021,0.5193756917076745,-11.948647848572987,0.5681818181818182,1.4198883897092902,44,47.36818181818187,21996.200000000004,4H
25,60,25,65,0.0001,9.981000000000021,0.5193756917076745,-11.948647848572987,0.5681818181818182,1.4198883897092902,44,47.36818181818187,21996.200000000004,4H
25,60,25,70,0.0,15.162000000000061,0.7686091235178835,-7.219462976332338,0.6,1.657529660396312,55,57.134545454545616,23032.400000000012,4H
25,60,25,70,5e-05,5.544000000000069,0.3096961204270273,-12.536206041733713,0.5740740740740741,1.2135486135486158,54,22.533333333333523,21108.800000000014,4H
25,60,25,70,0.0001,5.544000000000069,0.3096961204270273,-12.536206041733713,0.5740740740740741,1.2135486135486158,54,22.533333333333523,21108.800000000014,4H
25,60,25,75,0.0,12.04,0.6215312621047874,-8.076805318637078,0.55,1.4765854762084312,60,42.13333333333336,22408.0,4H
25,60,25,75,5e-05,2.4220000000000073,0.15780639066497454,-13.423872632637867,0.5254237288135594,1.0967975190011738,59,10.210169491525484,20484.4,4H
25,60,25,75,0.0001,2.4220000000000073,0.15780639066497454,-13.423872632637867,0.5254237288135594,1.0967975190011738,59,10.210169491525484,20484.4,4H
25,60,30,65,0.0,19.314000000000014,0.9539916383641577,-6.645478437775604,0.6097560975609756,2.092863475177306,41,96.21463414634148,23862.800000000003,4H
25,60,30,65,5e-05,9.696000000000021,0.5053364247994284,-11.982554636816893,0.575,1.445887159103457,40,50.480000000000075,21939.200000000004,4H
25,60,30,65,0.0001,9.696000000000021,0.5053364247994284,-11.982554636816893,0.575,1.445887159103457,40,50.480000000000075,21939.200000000004,4H
25,60,30,70,0.0,17.84400000000005,0.8883589113057073,-7.239929519722263,0.5882352941176471,1.8698165963698428,51,71.97647058823543,23568.80000000001,4H
25,60,30,70,5e-05,8.226000000000058,0.43632793433165923,-12.571745084698449,0.56,1.3395925356579967,50,34.90400000000018,21645.20000000001,4H
25,60,30,70,0.0001,8.226000000000058,0.43632793433165923,-12.571745084698449,0.56,1.3395925356579967,50,34.90400000000018,21645.20000000001,4H
25,60,30,75,0.0,13.890000000000018,0.705663210295802,-8.1852124526714,0.5357142857142857,1.5883670270160233,56,51.607142857142904,22778.000000000004,4H
25,60,30,75,5e-05,4.272000000000026,0.24709985422523675,-13.542543121581794,0.509090909090909,1.1653975440762852,55,17.534545454545537,20854.400000000005,4H
25,60,30,75,0.0001,4.272000000000026,0.24709985422523675,-13.542543121581794,0.509090909090909,1.1653975440762852,55,17.534545454545537,20854.400000000005,4H
25,60,35,65,0.0,16.215999999999987,0.7929744498083285,-7.573357575423616,0.6060606060606061,1.9859373137885807,33,100.27878787878775,23243.199999999997,4H
25,60,35,65,5e-05,6.597999999999993,0.35122132734591327,-12.30216085680172,0.5625,1.3236264121816006,32,43.23749999999993,21319.6,4H
25,60,35,65,0.0001,6.597999999999993,0.35122132734591327,-12.30216085680172,0.5625,1.3236264121816006,32,43.23749999999993,21319.6,4H
25,60,35,70,0.0,23.105000000000036,1.1067445886917517,-7.379123175195061,0.6046511627906976,2.5371301678531775,43,109.46511627906985,24621.000000000007,4H
25,60,35,70,5e-05,13.487000000000043,0.6731803478482019,-7.605210596397765,0.5714285714285714,1.698651126573059,42,66.22380952380962,22697.40000000001,4H
25,60,35,70,0.0001,13.487000000000043,0.6731803478482019,-7.605210596397765,0.5714285714285714,1.698651126573059,42,66.22380952380962,22697.40000000001,4H
25,60,35,75,0.0,16.148999999999997,0.792756540728386,-7.380478865347246,0.5416666666666666,1.787059825823548,48,69.2874999999998,23229.8,4H
25,60,35,75,5e-05,6.531000000000003,0.34950937622940637,-7.923606991283694,0.5106382978723404,1.272174166585672,47,29.79148936170197,21306.2,4H
25,60,35,75,0.0001,6.531000000000003,0.34950937622940637,-7.923606991283694,0.5106382978723404,1.272174166585672,47,29.79148936170197,21306.2,4H
25,70,25,65,0.0,4.046499999999941,0.2289592382124306,-10.529464273195915,0.5,1.1843681973670575,40,22.232499999999998,20809.29999999999,4H
25,70,25,65,5e-05,4.046499999999941,0.2289592382124306,-10.529464273195915,0.5,1.1843681973670575,40,22.232499999999998,20809.29999999999,4H
25,70,25,65,0.0001,4.066499999999942,0.22988992971269764,-10.510770151095256,0.5128205128205128,1.184859483563207,39,22.853846153846145,20813.29999999999,4H
25,70,25,70,0.0,8.866499999999979,0.45864107829613204,-10.748964396552882,0.5333333333333333,1.3802963507225077,45,41.40666666666661,21773.299999999996,4H
25,70,25,70,5e-05,8.866499999999979,0.45864107829613204,-10.748964396552882,0.5333333333333333,1.3802963507225077,45,41.40666666666661,21773.299999999996,4H
25,70,25,70,0.0001,8.886499999999979,0.45959049638785215,-10.731204851907608,0.5454545454545454,1.3808600130676247,44,42.39318181818177,21777.299999999996,4H
25,70,25,75,0.0,7.0334999999999495,0.372541957027661,-11.912554231741058,0.5208333333333334,1.285782206838841,48,31.306249999999846,21406.69999999999,4H
25,70,25,75,5e-05,7.0334999999999495,0.372541957027661,-11.912554231741058,0.5208333333333334,1.285782206838841,48,31.306249999999846,21406.69999999999,4H
25,70,25,75,0.0001,7.053499999999949,0.3734914275224527,-11.894791532521284,0.5319148936170213,1.286271450858033,47,32.01489361702113,21410.69999999999,4H
25,70,30,65,0.0,4.126499999999942,0.2326740179661235,-10.506841827414975,0.5,1.1973909982841306,36,24.924999999999986,20825.29999999999,4H
25,70,30,65,5e-05,4.126499999999942,0.2326740179661235,-10.506841827414975,0.5,1.1973909982841306,36,24.924999999999986,20825.29999999999,4H
25,70,30,65,0.0001,4.146499999999942,0.2336047772913579,-10.488154692106102,0.5142857142857142,1.1979180421673492,35,25.6942857142857,20829.29999999999,4H
25,70,30,70,0.0,9.93549999999992,0.50506578873409,-10.811270201240829,0.5365853658536586,1.457461861596283,41,50.46585365853628,21987.099999999984,4H
25,70,30,70,5e-05,9.93549999999992,0.50506578873409,-10.811270201240829,0.5365853658536586,1.457461861596283,41,50.46585365853628,21987.099999999984,4H
25,70,30,70,0.0001,9.95549999999992,0.506007680081715,-10.793378152914405,0.55,1.4581066135810636,40,51.77749999999969,21991.099999999984,4H
25,70,30,75,0.0,8.58749999999991,0.44187406510428245,-11.983554265109191,0.5227272727272727,1.377356518831248,44,41.03409090909063,21717.49999999998,4H
25,70,30,75,5e-05,8.58749999999991,0.44187406510428245,-11.983554265109191,0.5227272727272727,1.377356518831248,44,41.03409090909063,21717.49999999998,4H
25,70,30,75,0.0001,8.60749999999991,0.44281480884546376,-11.965659014955964,0.5348837209302325,1.3779325053318257,43,42.034883720929955,21721.49999999998,4H
25,70,35,65,0.0,4.810499999999884,0.262793731079484,-12.561068137236786,0.5862068965517241,1.2850874741490088,29,35.17586206896498,20962.099999999977,4H
25,70,35,65,5e-05,4.810499999999884,0.262793731079484,-12.561068137236786,0.5862068965517241,1.2850874741490088,29,35.17586206896498,20962.099999999977,4H
25,70,35,65,0.0001,4.830499999999883,0.26371721646940716,-12.542562641104436,0.6071428571428571,1.2858061629662723,28,36.503571428570865,20966.099999999977,4H
25,70,35,70,0.0,18.98949999999986,0.9130614248181318,-8.917682926829276,0.6470588235294118,2.4674688733677317,34,113.70294117646974,23797.899999999972,4H
25,70,35,70,5e-05,18.98949999999986,0.9130614248181318,-8.917682926829276,0.6470588235294118,2.4674688733677317,34,113.70294117646974,23797.899999999972,4H
25,70,35,70,0.0001,19.009499999999864,0.9139929872740039,-8.899957458876921,0.6666666666666666,2.4693435648077617,33,117.20909090909002,23801.899999999972,4H
25,70,35,75,0.0,18.929499999999845,0.9103071375127315,-8.920845450031925,0.6486486486486487,2.239610764981679,37,104.3216216216208,23785.89999999997,4H
25,70,35,75,5e-05,18.929499999999845,0.9103071375127315,-8.920845450031925,0.6486486486486487,2.239610764981679,37,104.3216216216208,23785.89999999997,4H
25,70,35,75,0.0001,18.949499999999844,0.9112386725240739,-8.903113696006816,0.6666666666666666,2.241050196028008,36,107.27499999999917,23789.89999999997,4H
30,40,25,65,0.0,-17.43749999999993,-0.7941388367688371,-22.11204997030135,0.4810126582278481,0.6389494344860497,79,-42.145569620253134,16512.500000000015,4H
30,40,25,65,5e-05,-17.43749999999993,-0.7941388367688371,-22.11204997030135,0.4810126582278481,0.6389494344860497,79,-42.145569620253134,16512.500000000015,4H
30,40,25,65,0.0001,-17.43749999999993,-0.7941388367688371,-22.11204997030135,0.4810126582278481,0.6389494344860497,79,-42.145569620253134,16512.500000000015,4H
30,40,25,70,0.0,-15.615499999999974,-0.692486974650202,-18.908227848101223,0.5,0.6889801173540452,88,-33.48977272727288,16876.900000000005,4H
30,40,25,70,5e-05,-15.615499999999974,-0.692486974650202,-18.908227848101223,0.5,0.6889801173540452,88,-33.48977272727288,16876.900000000005,4H
30,40,25,70,0.0001,-15.615499999999974,-0.692486974650202,-18.908227848101223,0.5,0.6889801173540452,88,-33.48977272727288,16876.900000000005,4H
30,40,25,75,0.0,-15.992499999999982,-0.7270767261574357,-20.951239310592168,0.48936170212765956,0.6875356783293711,94,-32.026595744680975,16801.500000000004,4H
30,40,25,75,5e-05,-15.992499999999982,-0.7270767261574357,-20.951239310592168,0.48936170212765956,0.6875356783293711,94,-32.026595744680975,16801.500000000004,4H
30,40,25,75,0.0001,-15.992499999999982,-0.7270767261574357,-20.951239310592168,0.48936170212765956,0.6875356783293711,94,-32.026595744680975,16801.500000000004,4H
30,40,30,65,0.0,-8.660499999999956,-0.365243345247669,-13.566994309363642,0.5068493150684932,0.7999924339865332,73,-21.727397260273936,18267.90000000001,4H
30,40,30,65,5e-05,-8.660499999999956,-0.365243345247669,-13.566994309363642,0.5068493150684932,0.7999924339865332,73,-21.727397260273936,18267.90000000001,4H
30,40,30,65,0.0001,-8.660499999999956,-0.365243345247669,-13.566994309363642,0.5068493150684932,0.7999924339865332,73,-21.727397260273936,18267.90000000001,4H
30,40,30,70,0.0,-8.684499999999954,-0.3621697383624491,-12.958764279098448,0.5,0.814382987762423,82,-19.18170731707325,18263.10000000001,4H
30,40,30,70,5e-05,-8.684499999999954,-0.3621697383624491,-12.958764279098448,0.5,0.814382987762423,82,-19.18170731707325,18263.10000000001,4H
30,40,30,70,0.0001,-8.684499999999954,-0.3621697383624491,-12.958764279098448,0.5,0.814382987762423,82,-19.18170731707325,18263.10000000001,4H
30,40,30,75,0.0,-9.06149999999996,-0.38939806998847915,-15.130821361825822,0.48863636363636365,0.8104598633151854,88,-18.594318181818245,18187.700000000008,4H
30,40,30,75,5e-05,-9.06149999999996,-0.38939806998847915,-15.130821361825822,0.48863636363636365,0.8104598633151854,88,-18.594318181818245,18187.700000000008,4H
30,40,30,75,0.0001,-9.06149999999996,-0.38939806998847915,-15.130821361825822,0.48863636363636365,0.8104598633151854,88,-18.594318181818245,18187.700000000008,4H
30,40,35,65,0.0,-9.544499999999989,-0.4147883100833476,-19.19855647911145,0.5166666666666667,0.7372394647552176,60,-29.81500000000006,18091.100000000002,4H
30,40,35,65,5e-05,-9.544499999999989,-0.4147883100833476,-19.19855647911145,0.5166666666666667,0.7372394647552176,60,-29.81500000000006,18091.100000000002,4H
30,40,35,65,0.0001,-9.544499999999989,-0.4147883100833476,-19.19855647911145,0.5166666666666667,0.7372394647552176,60,-29.81500000000006,18091.100000000002,4H
30,40,35,70,0.0,-12.170499999999992,-0.5399276209802139,-21.031330522903787,0.4927536231884058,0.700997499739555,69,-33.276811594203046,17565.9,4H
30,40,35,70,5e-05,-12.170499999999992,-0.5399276209802139,-21.031330522903787,0.4927536231884058,0.700997499739555,69,-33.276811594203046,17565.9,4H
30,40,35,70,0.0001,-12.170499999999992,-0.5399276209802139,-21.031330522903787,0.4927536231884058,0.700997499739555,69,-33.276811594203046,17565.9,4H
30,40,35,75,0.0,-11.851500000000016,-0.5248479076104274,-20.657232103015236,0.49333333333333335,0.7242651167989256,75,-29.604000000000184,17629.699999999997,4H
30,40,35,75,5e-05,-11.851500000000016,-0.5248479076104274,-20.657232103015236,0.49333333333333335,0.7242651167989256,75,-29.604000000000184,17629.699999999997,4H
30,40,35,75,0.0001,-11.851500000000016,-0.5248479076104274,-20.657232103015236,0.49333333333333335,0.7242651167989256,75,-29.604000000000184,17629.699999999997,4H
30,50,25,65,0.0,3.1785000000000037,0.19227569440916734,-14.47844381292264,0.4915254237288136,1.1090296262006725,59,12.774576271186598,20635.7,4H
30,50,25,65,5e-05,3.1985000000000032,0.19323460942911772,-14.46081995021253,0.5,1.1093505816982128,58,13.029310344827737,20639.7,4H
30,50,25,65,0.0001,3.1985000000000032,0.19323460942911772,-14.46081995021253,0.5,1.1093505816982128,58,13.029310344827737,20639.7,4H
30,50,25,70,0.0,1.9644999999999893,0.13475114021569823,-14.364271382923329,0.5074626865671642,1.0703161490931907,67,7.864179104477673,20392.899999999998,4H
30,50,25,70,5e-05,1.984499999999989,0.13572211084951602,-14.346786496422101,0.5151515151515151,1.070601898201915,66,8.013636363636428,20396.899999999998,4H
30,50,25,70,0.0001,1.984499999999989,0.13572211084951602,-14.346786496422101,0.5151515151515151,1.070601898201915,66,8.013636363636428,20396.899999999998,4H
30,50,25,75,0.0,-1.7744999999999889,-0.048308984252371456,-15.257071260493909,0.49333333333333335,0.9750249872016788,75,-2.731999999999821,19645.100000000002,4H
30,50,25,75,5e-05,-0.9595000000000254,-0.008184605661837508,-14.54547042054301,0.5,0.9945953931574484,74,-0.5932432432431443,19808.099999999995,4H
30,50,25,75,0.0001,-0.9595000000000254,-0.008184605661837508,-14.54547042054301,0.5,0.9945953931574484,74,-0.5932432432431443,19808.099999999995,4H
30,50,30,65,0.0,4.8815000000000515,0.27283072821143267,-14.443824200361247,0.5185185185185185,1.175997013423366,54,20.079629629629864,20976.30000000001,4H
30,50,30,65,5e-05,4.901500000000051,0.2737841562401839,-14.426242478319482,0.5283018867924528,1.1763788988293387,53,20.496226415094583,20980.30000000001,4H
30,50,30,65,0.0001,4.901500000000051,0.2737841562401839,-14.426242478319482,0.5283018867924528,1.1763788988293387,53,20.496226415094583,20980.30000000001,4H
30,50,30,70,0.0,3.667500000000037,0.2166411013849924,-14.330194973682204,0.532258064516129,1.1271990981101865,62,13.830645161290462,20733.500000000007,4H
30,50,30,70,5e-05,3.6875000000000364,0.21760631787093185,-14.312751566635939,0.5409836065573771,1.1275336083330878,61,14.090163934426375,20737.500000000007,4H
30,50,30,70,0.0001,3.6875000000000364,0.21760631787093185,-14.312751566635939,0.5409836065573771,1.1275336083330878,61,14.090163934426375,20737.500000000007,4H
30,50,30,75,0.0,1.854500000000062,0.1293367843998011,-14.216153829402614,0.5142857142857142,1.0692257662394,70,7.298571428571696,20370.900000000012,4H
30,50,30,75,5e-05,2.6695000000000255,0.16878780404285848,-13.50623897563204,0.5217391304347826,1.0920574896899466,69,9.73768115942047,20533.900000000005,4H
30,50,30,75,0.0001,2.6695000000000255,0.16878780404285848,-13.50623897563204,0.5217391304347826,1.0920574896899466,69,9.73768115942047,20533.900000000005,4H
30,50,35,65,0.0,16.818499999999986,0.8419395214526937,-7.041582473678609,0.5531914893617021,1.8413509501910161,47,73.56808510638321,23363.699999999997,4H
30,50,35,65,5e-05,16.838499999999986,0.8428880397508446,-7.040384492695059,0.5652173913043478,1.8422474864279328,46,75.21086956521765,23367.699999999997,4H
30,50,35,65,0.0001,16.838499999999986,0.8428880397508446,-7.040384492695059,0.5652173913043478,1.8422474864279328,46,75.21086956521765,23367.699999999997,4H
30,50,35,70,0.0,15.604499999999971,0.7924954183288085,-6.987955876206836,0.5636363636363636,1.6888618822225094,55,58.743636363636476,23120.899999999994,4H
30,50,35,70,5e-05,15.624499999999971,0.793455009248203,-6.986776071146675,0.5740740740740741,1.6895823557015515,54,59.86851851851863,23124.899999999994,4H
30,50,35,70,0.0001,15.624499999999971,0.793455009248203,-6.986776071146675,0.5740740740740741,1.6895823557015515,54,59.86851851851863,23124.899999999994,4H
30,50,35,75,0.0,8.818499999999986,0.46652686910366703,-8.257168088466205,0.5238095238095238,1.326063324993533,63,29.99523809523827,21763.699999999997,4H
30,50,35,75,5e-05,9.633499999999948,0.5055929032606576,-7.548080896843036,0.532258064516129,1.3588904445222278,62,33.075806451612976,21926.69999999999,4H
30,50,35,75,0.0001,9.633499999999948,0.5055929032606576,-7.548080896843036,0.532258064516129,1.3588904445222278,62,33.075806451612976,21926.69999999999,4H
30,60,25,65,0.0,1.9074999999999818,0.13081809681452639,-12.411392635137588,0.55,1.089855919003117,40,11.537500000000202,20381.499999999996,4H
30,60,25,65,5e-05,1.9074999999999818,0.13081809681452639,-12.411392635137588,0.55,1.089855919003117,40,11.537500000000202,20381.499999999996,4H
30,60,25,65,0.0001,1.9074999999999818,0.13081809681452639,-12.411392635137588,0.55,1.089855919003117,40,11.537500000000202,20381.499999999996,4H
30,60,25,70,0.0,-0.09049999999995635,0.03458905319566961,-16.19632650747904,0.5102040816326531,1.01278154594318,49,1.6306122448981002,19981.90000000001,4H
30,60,25,70,5e-05,-0.09049999999995635,0.03458905319566961,-16.19632650747904,0.5102040816326531,1.01278154594318,49,1.6306122448981002,19981.90000000001,4H
30,60,25,70,0.0001,-0.09049999999995635,0.03458905319566961,-16.19632650747904,0.5102040816326531,1.01278154594318,49,1.6306122448981002,19981.90000000001,4H
30,60,25,75,0.0,-5.682499999999964,-0.24209569582672993,-21.05846084078607,0.46296296296296297,0.8591539651890506,54,-19.046296296296205,18863.500000000007,4H
30,60,25,75,5e-05,-5.682499999999964,-0.24209569582672993,-21.05846084078607,0.46296296296296297,0.8591539651890506,54,-19.046296296296205,18863.500000000007,4H
30,60,25,75,0.0001,-5.682499999999964,-0.24209569582672993,-21.05846084078607,0.46296296296296297,0.8591539651890506,54,-19.046296296296205,18863.500000000007,4H
30,60,30,65,0.0,1.9875,0.13461040292660076,-12.388713252661793,0.5,1.0948599830282477,36,13.041666666666888,20397.5,4H
30,60,30,65,5e-05,1.9875,0.13461040292660076,-12.388713252661793,0.5,1.0948599830282477,36,13.041666666666888,20397.5,4H
30,60,30,65,0.0001,1.9875,0.13461040292660076,-12.388713252661793,0.5,1.0948599830282477,36,13.041666666666888,20397.5,4H
30,60,30,70,0.0,1.6075000000000363,0.11748567153665053,-15.589091733361194,0.4888888888888889,1.0712838013407944,45,9.144444444444522,20321.500000000007,4H
30,60,30,70,5e-05,1.6075000000000363,0.11748567153665053,-15.589091733361194,0.4888888888888889,1.0712838013407944,45,9.144444444444522,20321.500000000007,4H
30,60,30,70,0.0001,1.6075000000000363,0.11748567153665053,-15.589091733361194,0.4888888888888889,1.0712838013407944,45,9.144444444444522,20321.500000000007,4H
30,60,30,75,0.0,5.382499999999999,0.3013211657369266,-11.971364294309437,0.48,1.204736878741473,50,23.530000000000005,21076.5,4H
30,60,30,75,5e-05,5.382499999999999,0.3013211657369266,-11.971364294309437,0.48,1.204736878741473,50,23.530000000000005,21076.5,4H
30,60,30,75,0.0001,5.382499999999999,0.3013211657369266,-11.971364294309437,0.48,1.204736878741473,50,23.530000000000005,21076.5,4H
30,60,35,65,0.0,-2.0604999999999745,-0.0568181014837039,-17.76725866772662,0.5769230769230769,0.9143027129938153,26,-13.849999999999564,19587.900000000005,4H
30,60,35,65,5e-05,-2.0604999999999745,-0.0568181014837039,-17.76725866772662,0.5769230769230769,0.9143027129938153,26,-13.849999999999564,19587.900000000005,4H
30,60,35,65,0.0001,-2.0604999999999745,-0.0568181014837039,-17.76725866772662,0.5769230769230769,0.9143027129938153,26,-13.849999999999564,19587.900000000005,4H
30,60,35,70,0.0,3.937500000000036,0.22830501575762166,-17.079158533940568,0.5428571428571428,1.1954148720402922,35,24.500000000000142,20787.500000000007,4H
30,60,35,70,5e-05,3.937500000000036,0.22830501575762166,-17.079158533940568,0.5428571428571428,1.1954148720402922,35,24.500000000000142,20787.500000000007,4H
30,60,35,70,0.0001,3.937500000000036,0.22830501575762166,-17.079158533940568,0.5428571428571428,1.1954148720402922,35,24.500000000000142,20787.500000000007,4H
30,60,35,75,0.0,10.305500000000011,0.5321868180973851,-10.657352366902435,0.575,1.5014990396777061,40,53.52749999999994,22061.100000000002,4H
30,60,35,75,5e-05,10.305500000000011,0.5321868180973851,-10.657352366902435,0.575,1.5014990396777061,40,53.52749999999994,22061.100000000002,4H
30,60,35,75,0.0001,10.305500000000011,0.5321868180973851,-10.657352366902435,0.575,1.5014990396777061,40,53.52749999999994,22061.100000000002,4H
30,70,25,65,0.0,-9.939500000000063,-0.45373609707217827,-20.714116706920223,0.4358974358974359,0.7067647239452185,39,-48.97179487179492,18012.099999999988,4H
30,70,25,65,5e-05,-9.939500000000063,-0.45373609707217827,-20.714116706920223,0.4358974358974359,0.7067647239452185,39,-48.97179487179492,18012.099999999988,4H
30,70,25,65,0.0001,-9.939500000000063,-0.45373609707217827,-20.714116706920223,0.4358974358974359,0.7067647239452185,39,-48.97179487179492,18012.099999999988,4H
30,70,25,70,0.0,1.559499999999989,0.11547846679602734,-12.622128908887358,0.4782608695652174,1.0690250363154756,46,8.780434782608861,20311.899999999998,4H
30,70,25,70,5e-05,1.559499999999989,0.11547846679602734,-12.622128908887358,0.4782608695652174,1.0690250363154756,46,8.780434782608861,20311.899999999998,4H
30,70,25,70,0.0001,1.559499999999989,0.11547846679602734,-12.622128908887358,0.4782608695652174,1.0690250363154756,46,8.780434782608861,20311.899999999998,4H
30,70,25,75,0.0,1.4144999999999708,0.10851264809009069,-13.60124914272406,0.4791666666666667,1.0632575378142846,48,7.893750000000068,20282.899999999994,4H
30,70,25,75,5e-05,1.4144999999999708,0.10851264809009069,-13.60124914272406,0.4791666666666667,1.0632575378142846,48,7.893750000000068,20282.899999999994,4H
30,70,25,75,0.0001,1.4144999999999708,0.10851264809009069,-13.60124914272406,0.4791666666666667,1.0632575378142846,48,7.893750000000068,20282.899999999994,4H
30,70,30,65,0.0,-4.9855000000000285,-0.20895527152314752,-19.458261385015856,0.46875,0.8354611179686119,32,-29.159375000000015,19002.899999999994,4H
30,70,30,65,5e-05,-4.9855000000000285,-0.20895527152314752,-19.458261385015856,0.46875,0.8354611179686119,32,-29.159375000000015,19002.899999999994,4H
30,70,30,65,0.0001,-4.9855000000000285,-0.20895527152314752,-19.458261385015856,0.46875,0.8354611179686119,32,-29.159375000000015,19002.899999999994,4H
30,70,30,70,0.0,9.321500000000015,0.4942451190655137,-9.323577044750781,0.5128205128205128,1.4107645130591122,39,49.802564102564375,21864.300000000003,4H
30,70,30,70,5e-05,9.321500000000015,0.4942451190655137,-9.323577044750781,0.5128205128205128,1.4107645130591122,39,49.802564102564375,21864.300000000003,4H
30,70,30,70,0.0001,9.321500000000015,0.4942451190655137,-9.323577044750781,0.5128205128205128,1.4107645130591122,39,49.802564102564375,21864.300000000003,4H
30,70,30,75,0.0,8.248499999999966,0.44285111534610905,-10.378132958048505,0.5121951219512195,1.349161222679248,41,42.23658536585362,21649.699999999993,4H
30,70,30,75,5e-05,8.248499999999966,0.44285111534610905,-10.378132958048505,0.5121951219512195,1.349161222679248,41,42.23658536585362,21649.699999999993,4H
30,70,30,75,0.0001,8.248499999999966,0.44285111534610905,-10.378132958048505,0.5121951219512195,1.349161222679248,41,42.23658536585362,21649.699999999993,4H
30,70,35,65,0.0,-7.160500000000047,-0.31235896154480397,-19.635993471049755,0.48148148148148145,0.7428198189791908,27,-51.04074074074096,18567.89999999999,4H
30,70,35,65,5e-05,-7.160500000000047,-0.31235896154480397,-19.635993471049755,0.48148148148148145,0.7428198189791908,27,-51.04074074074096,18567.89999999999,4H
30,70,35,65,0.0001,-7.160500000000047,-0.31235896154480397,-19.635993471049755,0.48148148148148145,0.7428198189791908,27,-51.04074074074096,18567.89999999999,4H
30,70,35,70,0.0,6.889500000000007,0.37281705246809393,-10.33866794605987,0.5294117647058824,1.2973022988033078,34,42.52647058823547,21377.9,4H
30,70,35,70,5e-05,6.889500000000007,0.37281705246809393,-10.33866794605987,0.5294117647058824,1.2973022988033078,34,42.52647058823547,21377.9,4H
30,70,35,70,0.0001,6.889500000000007,0.37281705246809393,-10.33866794605987,0.5294117647058824,1.2973022988033078,34,42.52647058823547,21377.9,4H
30,70,35,75,0.0,14.602499999999964,0.7399861779373922,-6.996673137940787,0.5555555555555556,1.732002641814044,36,83.12499999999984,22920.499999999993,4H
30,70,35,75,5e-05,14.602499999999964,0.7399861779373922,-6.996673137940787,0.5555555555555556,1.732002641814044,36,83.12499999999984,22920.499999999993,4H
30,70,35,75,0.0001,14.602499999999964,0.7399861779373922,-6.996673137940787,0.5555555555555556,1.732002641814044,36,83.12499999999984,22920.499999999993,4H
